Length,Title,Handheld,Max Players,Multiplatform,Online,Genres,Licensed,Publishers,Sequel,Review Score,Sales,Used Price,Console,Rating,Year,CT_Comp,CT_MainExtra,CT_MainOnly
Short,Wii Play,True,2,True,True,Action,True,Nintendo,True,58,14.66,14.95,Nintendo Wii,T,2006,-100.0,11.42,4.0
Short,New Super Mario Bros.,True,1,True,True,Action,True,Nintendo,True,89,10.03,27.95,Nintendo DS,T,2006,15.5,10.0,7.0
Long,Pokmon Diamond,True,1,True,True,Role-Playing (RPG),True,Nintendo,True,85,6.77,27.95,Nintendo DS,E,2006,220.0,80.0,41.92
Long,Pokmon Pearl,True,1,True,True,Role-Playing (RPG),True,Nintendo,True,85,6.77,26.95,Nintendo DS,E,2006,220.0,80.0,41.92
Short,Gears of War,True,2,True,True,Action,True,Microsoft,True,94,3.7,19.95,X360,M,2006,15.0,11.0,9.0
Average,The Legend of Zelda: Twilight Princess,True,1,True,True,Action,True,Nintendo,True,95,3.33,39.95,Nintendo Wii,M,2006,54.53,46.23,37.0
Short,Cooking Mama,True,1,True,True,Simulation,True,Unknown,True,67,2.9,17.95,Nintendo DS,M,2006,-100.0,-100.0,7.0
Short,Marvel Ultimate Alliance,True,4,True,True,Action,True,Activision,True,82,2.42,14.95,X360,T,2006,24.82,17.0,12.37
Short,Daxter,True,1,True,True,Action,True,Sony,True,85,2.38,14.95,Sony PSP,T,2006,14.5,8.35,7.57
Average,The Elder Scrolls IV: Oblivion,True,1,True,True,Action,True,2K,True,94,2.12,19.95,X360,E,2006,185.0,86.95,24.0
Short,Grand Theft Auto: Vice City Stories,True,1,True,True,Action,True,Rockstar,True,86,1.72,17.95,Sony PSP,E,2006,46.25,25.0,16.3
Short,Resistance: Fall of Man,True,4,True,True,Action,True,Sony,True,86,1.6099999999999999,19.95,PlayStation 3,E,2006,17.5,13.0,12.0
Short,MotorStorm,True,1,True,True,Action,True,Sony,True,82,1.58,16.95,PlayStation 3,T,2006,15.0,22.0,15.0
Short,Call of Duty 3,True,2,True,True,Action,True,Activision,True,82,1.51,16.95,X360,T,2006,10.0,11.0,8.0
Short,Yoshi's Island DS,True,1,True,True,Action,True,Nintendo,True,81,1.49,27.95,Nintendo DS,E,2006,-100.0,12.0,9.17
Short,Tom Clancy's Ghost Recon: Advanced Warfighter,True,4,True,True,Action,True,Ubisoft,True,90,1.46,14.95,X360,E,2006,-100.0,-100.0,8.75
Short,Fight Night Round 3,True,2,True,True,Action,True,EA,True,86,1.4,14.95,X360,E,2006,10.5,12.5,11.0
Short,Pokmon Ranger,True,1,True,True,Role-Playing (RPG),True,Nintendo,True,69,1.3599999999999999,19.95,Nintendo DS,E,2006,34.67,14.83,12.57
Short,Rayman Raving Rabbids,True,4,True,True,Action,True,Ubisoft,True,76,1.26,17.95,Nintendo Wii,T,2006,8.1,8.13,6.0
Short,Saints Row,True,1,True,True,Action,True,THQ,True,81,1.23,14.95,X360,T,2006,47.82,22.37,17.0
Short,Tom Clancy's Rainbow Six: Vegas,True,2,True,True,Action,True,Ubisoft,True,88,1.19,14.95,X360,E,2006,12.0,12.65,9.0
Short,Dead Rising,True,1,True,True,Action,True,Capcom,True,85,1.16,16.95,X360,E,2006,45.0,19.5,10.53
Short,Call of Duty 3,True,1,True,True,Action,True,Activision,True,69,1.15,19.95,Nintendo Wii,E,2006,10.0,11.0,8.0
Short,Lost Planet: Extreme Condition,True,1,True,True,Action,True,Capcom,True,79,1.15,12.95,X360,M,2006,9.7,9.4,8.48
Short,Mario Hoops 3 on 3,True,1,True,True,Sports,True,Nintendo,True,69,1.03,22.95,Nintendo DS,M,2006,-100.0,5.0,3.5
Short,LEGO Star Wars II: The Original Trilogy,True,1,True,True,Action,True,EA,True,47,1.02,17.95,Nintendo DS,E,2006,26.62,15.0,12.0
Short,Super Monkey Ball: Banana Blitz,True,4,True,True,Action,True,Sega,True,74,1.0,14.95,Nintendo Wii,T,2006,-100.0,-100.0,5.4
Short,Need for Speed: Carbon - Own the City,True,1,True,True,Racing / Driving,True,EA,True,73,0.93,16.95,Sony PSP,E,2006,20.35,-100.0,15.72
Short,WarioWare: Smooth Moves,True,6,True,True,Action,True,Nintendo,True,83,0.9,39.95,Nintendo Wii,T,2006,8.0,5.0,2.5
Short,Fight Night Round 3,True,2,True,True,Action,True,EA,True,83,0.86,13.95,PlayStation 3,T,2006,10.5,12.5,11.0
Average,Final Fantasy III,True,1,True,True,Role-Playing (RPG),True,SquareEnix,True,77,0.86,17.95,Nintendo DS,E,2006,87.27,48.8,25.9
Short,Kirby: Squeak Squad,True,1,True,True,Action,True,Nintendo,True,71,0.8200000000000001,27.95,Nintendo DS,T,2006,6.2,4.82,4.0
Short,Pokmon Battle Revolution,True,4,True,True,Action,True,Nintendo,True,53,0.81,39.95,Nintendo Wii,T,2006,65.72,24.0,13.0
Short,Medal of Honor: Heroes,True,1,True,True,Action,True,EA,True,71,0.81,14.95,Sony PSP,E,2006,-100.0,5.0,5.0
Short,Tekken: Dark Resurrection,True,1,True,True,Action,True,"Namco,Sony",True,88,0.81,17.95,Sony PSP,E,2006,35.08,30.5,2.37
Short,Need for Speed: Carbon,True,2,True,True,Racing / Driving,True,EA,True,77,0.78,16.95,X360,E,2006,20.0,14.0,13.0
Short,Mario vs. Donkey Kong 2: March of the Minis,True,1,True,True,Action,True,Nintendo,True,76,0.77,27.95,Nintendo DS,T,2006,-100.0,6.75,4.32
Short,Sonic Rivals,True,1,True,True,Action,True,Sega,True,64,0.76,17.95,Sony PSP,T,2006,20.0,-100.0,6.0
Short,Mortal Kombat: Unchained,True,2,True,True,Action,True,Midway,True,70,0.67,17.95,Sony PSP,E,2006,45.0,-100.0,1.75
Short,Tom Clancy's Splinter Cell: Double Agent,True,1,True,True,Action,True,Ubisoft,True,85,0.67,17.95,X360,E,2006,11.33,11.0,11.0
Short,Tetris DS,True,1,True,True,Strategy,True,Nintendo,True,84,0.66,17.95,Nintendo DS,M,2006,33.5,37.0,17.0
Short,LEGO Star Wars II: The Original Trilogy,True,2,True,True,Action,True,Unknown,True,83,0.61,17.95,Sony PSP,T,2006,26.62,15.0,12.0
Short,Red Steel,True,4,True,True,Action,True,Ubisoft,True,63,0.58,14.95,Nintendo Wii,T,2006,-100.0,-100.0,8.25
Short,Metroid Prime: Hunters,True,1,True,True,Action,True,Nintendo,True,85,0.58,27.95,Nintendo DS,E,2006,15.25,8.78,8.63
Short,LEGO Star Wars II: The Original Trilogy,True,2,True,True,Action,True,Unknown,True,81,0.5700000000000001,14.95,X360,E,2006,26.62,15.0,12.0
Short,NBA 2K7 ,True,1,True,True,Sports,True,2K,True,84,0.56,4.95,X360,E,2006,-100.0,-100.0,8.18
Short,Call of Duty 3,True,1,True,True,Action,True,Activision,True,80,0.52,19.95,PlayStation 3,T,2006,10.0,11.0,8.0
Short,SpongeBob SquarePants: The Yellow Avenger,True,1,True,True,Action,True,THQ,True,48,0.49,12.95,Sony PSP,T,2006,15.7,-100.0,8.0
Short,Fight Night Round 3,True,2,True,True,Action,True,EA,True,74,0.48,16.95,Sony PSP,T,2006,10.5,12.5,11.0
Short,Need for Speed: Carbon,True,2,True,True,Racing / Driving,True,EA,True,75,0.47000000000000003,17.95,PlayStation 3,T,2006,20.0,14.0,13.0
Short,Need for Speed: Carbon,True,2,True,True,Racing / Driving,True,EA,True,67,0.47000000000000003,17.95,Nintendo Wii,M,2006,20.0,14.0,13.0
Short,WWE SmackDown vs. Raw 2007,True,4,True,True,Sports,True,THQ,True,81,0.45,12.95,X360,E,2006,50.48,-100.0,9.0
Short,Tiger Woods PGA Tour 07,True,1,True,True,Sports,True,EA,True,80,0.45,9.95,X360,T,2006,-100.0,-100.0,10.0
Short,Viva Pi$?ata,True,4,True,True,Simulation,True,Microsoft,True,84,0.44,16.95,X360,E,2006,50.0,32.43,19.0
Short,SpongeBob Squarepants: Creature from the Krusty Krab,True,1,True,True,Action,True,THQ,True,57,0.44,14.95,Nintendo Wii,T,2006,7.67,8.0,5.33
Short,Tony Hawk's Project 8,True,2,True,True,Sports,True,Activision,True,68,0.42,17.95,Sony PSP,M,2006,-100.0,18.38,17.0
Short,Tony Hawk's Project 8,True,2,True,True,Sports,True,Activision,True,81,0.42,16.95,X360,E,2006,-100.0,18.38,17.0
Short,Excite Truck,True,2,True,True,Racing / Driving,True,Nintendo,True,72,0.4,19.95,Nintendo Wii,M,2006,25.0,12.0,7.0
Long,Harvest Moon DS,True,1,True,True,Role-Playing (RPG),True,Unknown,True,67,0.4,17.95,Nintendo DS,T,2006,75.0,69.08,45.13
Short,Star Fox Command,True,1,True,True,Action,True,Nintendo,True,76,0.39,14.95,Nintendo DS,T,2006,-100.0,6.6,3.0
Short,Metal Gear Solid: Portable Ops,True,1,True,True,Action,True,Konami,True,87,0.39,17.95,Sony PSP,T,2006,30.0,15.05,11.58
Short,Marvel Ultimate Alliance,True,4,True,True,Action,True,Activision,True,73,0.38,17.95,Nintendo Wii,M,2006,24.82,17.0,12.37
Short,WWE SmackDown vs. Raw 2007,True,4,True,True,Sports,True,THQ,True,78,0.34,14.95,Sony PSP,T,2006,50.48,-100.0,9.0
Short,Marvel Ultimate Alliance,True,1,True,True,Action,True,Activision,True,81,0.34,22.95,Sony PSP,E,2006,24.82,17.0,12.37
Short,Marvel Ultimate Alliance,True,4,True,True,Action,True,Activision,True,78,0.33,24.95,PlayStation 3,M,2006,24.82,17.0,12.37
Short,Tiger Woods PGA Tour 07,True,4,True,True,Sports,True,EA,True,81,0.32,14.95,PlayStation 3,E,2006,-100.0,-100.0,10.0
Short,Ace Combat X: Skies of Deception,True,1,True,True,Action,True,Namco,True,75,0.32,22.95,Sony PSP,E,2006,12.5,4.73,3.75
Short,Killzone: Liberation,True,1,True,True,Action,True,Sony,True,77,0.32,16.95,Sony PSP,M,2006,9.53,10.45,7.9
Short,F.E.A.R.: First Encounter Assault Recon,True,1,True,True,Action,True,Unknown,True,85,0.32,17.95,X360,E,2006,11.87,10.07,8.42
Short,NBA 2K7,True,7,True,True,Sports,True,2K,True,80,0.31,7.95,PlayStation 3,E,2006,-100.0,-100.0,8.18
Short,Tony Hawk's Project 8,True,2,True,True,Sports,True,Activision,True,76,0.30000000000000004,14.95,PlayStation 3,T,2006,-100.0,18.38,17.0
Short,Avatar: The Last Airbender,True,1,True,True,Action,True,THQ,True,64,0.30000000000000004,17.95,Nintendo DS,E,2006,4.0,-100.0,6.0
Short,Castlevania: Portrait of Ruin,True,1,True,True,Action,True,Konami,True,85,0.30000000000000004,17.95,Nintendo DS,M,2006,23.9,12.0,10.53
Short,Hitman: Blood Money,True,1,True,True,Action,True,Eidos,True,82,0.29,22.95,X360,E,2006,18.9,14.75,12.0
Short,Rockstar Games presents Table Tennis,True,2,True,True,Sports,True,Rockstar,True,81,0.28,9.95,X360,M,2006,-100.0,6.0,6.0
Short,Trauma Center: Second Opinion,True,1,True,True,Action,True,Nintendo,True,80,0.28,17.95,Nintendo Wii,T,2006,16.0,10.08,8.5
Average,Tenchu Z,True,1,True,True,Action,True,Microsoft,True,56,0.28,14.95,X360,E,2006,67.0,12.0,20.88
Short,Elite Beat Agents,True,1,True,True,Action,True,Nintendo,True,87,0.27,9.95,Nintendo DS,M,2006,35.0,4.5,4.0
Short,Street Fighter Alpha 3 MAX,True,1,True,True,Action,True,Capcom,True,80,0.27,14.95,Sony PSP,M,2006,-100.0,4.0,2.0
Long,Blue Dragon,True,1,True,True,Role-Playing (RPG),True,Microsoft,True,79,0.27,14.95,X360,T,2006,103.0,55.0,46.03
Short,The Lord of the Rings: The Battle for Middle Ea...,True,1,True,True,Strategy,True,EA,True,79,0.27,19.95,X360,T,2006,25.0,20.0,14.5
Short,Prey,True,1,True,True,Action,True,2K,True,79,0.27,14.95,X360,T,2006,12.0,9.0,7.95
Short,Over the Hedge,True,1,True,True,Adventure,True,Activision,True,71,0.26,16.95,Nintendo DS,E,2006,15.0,5.93,2.0
Short,Pirates of the Caribbean: Dead Man's Chest,True,1,True,True,Action,True,Unknown,True,52,0.26,14.95,Sony PSP,T,2006,3.75,2.83,2.08
Short,NHL 07 ,True,1,True,True,Sports,True,EA,True,79,0.26,5.95,X360,T,2006,8.0,-100.0,10.0
Long,Monster Hunter Freedom,True,1,True,True,Action,True,Capcom,True,71,0.25,12.95,Sony PSP,E,2006,683.13,76.0,60.0
Short,Chromehounds,True,1,True,True,Action,True,Sega,True,71,0.25,14.95,X360,T,2006,72.0,16.0,10.0
Average,Test Drive Unlimited,True,1,True,True,Racing / Driving,True,Atari,True,82,0.25,17.95,X360,T,2006,100.0,50.0,30.0
Short,Dragon Ball Z: Budokai Tenkaichi 2,True,2,True,True,Action,True,Atari,True,72,0.24,14.95,Nintendo Wii,E,2006,25.0,14.2,10.0
Average,Dragon Quest Monsters: Joker,True,1,True,True,Role-Playing (RPG),True,SquareEnix,True,75,0.24,14.95,Nintendo DS,T,2006,63.63,35.83,37.3
Short,Pirates of the Caribbean: Dead Man's Chest,True,1,True,True,Action,True,Unknown,True,63,0.24,11.95,Nintendo DS,E,2006,3.75,2.83,2.08
Short,Syphon Filter: Dark Mirror,True,1,True,True,Action,True,Sony,True,87,0.24,12.95,Sony PSP,M,2006,15.0,9.25,7.0
Short,Ridge Racer 7,True,2,True,True,Racing / Driving,True,"Namco,Sony",True,78,0.23,19.95,PlayStation 3,E,2006,50.0,15.0,10.0
Short,The Outfit,True,2,True,True,Action,True,THQ,True,70,0.23,14.95,X360,E,2006,-100.0,7.75,8.0
Short,Elebits,True,4,True,True,Action,True,Konami,True,75,0.22,14.95,Nintendo Wii,T,2006,-100.0,-100.0,9.0
Short,Tiger Woods PGA Tour 07,True,1,True,True,Sports,True,EA,True,78,0.21,12.95,Sony PSP,E,2006,-100.0,-100.0,10.0
Short,The Godfather: The Game,True,1,True,True,Action,True,EA,True,77,0.2,17.95,X360,T,2006,29.0,23.07,15.0
Short,Rampage: Total Destruction,True,4,True,True,Action,True,Midway,True,46,0.19,16.95,Nintendo Wii,E,2006,-100.0,-100.0,5.0
Short,Far Cry: Instincts - Predator,True,4,True,True,Action,True,Ubisoft,True,78,0.19,17.95,X360,E,2006,20.0,18.0,14.98
Short,Full Auto,True,2,True,True,Action,True,Sega,True,70,0.19,16.95,X360,E,2006,-100.0,-100.0,5.0
Long,Age of Empires: The Age of Kings,True,1,True,True,Strategy,True,Unknown,True,80,0.19,17.95,Nintendo DS,T,2006,70.0,61.0,46.0
Short,Need for Speed: Carbon - Own the City,True,1,True,True,Action,True,EA,True,70,0.19,14.95,Nintendo DS,T,2006,20.35,-100.0,15.72
Short,Brothers in Arms: D-Day,True,1,True,True,Action,True,Ubisoft,True,65,0.19,6.95,Sony PSP,T,2006,-100.0,-100.0,8.0
Short,Family Guy Video Game!,True,1,True,True,Action,True,2K,True,51,0.19,19.95,Sony PSP,M,2006,-100.0,-100.0,5.88
Short,Superman Returns,True,1,True,True,Action,True,EA,True,51,0.19,7.95,X360,E,2006,22.5,-100.0,7.0
Average,Mystery Dungeon: Shiren the Wanderer,True,1,True,True,Action,True,Sega,True,69,0.17,17.95,Nintendo DS,T,2006,44.0,-100.0,22.0
Short,Phoenix Wright: Ace Attorney - Justice for All,True,1,True,True,Adventure,True,Capcom,True,76,0.17,13.95,Nintendo DS,E,2006,19.78,19.92,17.5
Short,Justice League Heroes,True,1,True,True,Action,True,Unknown,True,72,0.17,17.95,Sony PSP,M,2006,21.1,-100.0,5.0
Short,Genji: Days of the Blade,True,1,True,True,Action,True,Sony,True,55,0.17,14.95,PlayStation 3,T,2006,-100.0,-100.0,12.0
Short,Top Spin 2,True,4,True,True,Sports,True,2K,True,75,0.16,12.95,X360,T,2006,-100.0,-100.0,10.0
Short,Field Commander,True,2,True,True,Strategy,True,"Sony,Ubisoft",True,77,0.16,14.95,Sony PSP,T,2006,-100.0,-100.0,13.88
Short,Children of Mana,True,1,True,True,Action,True,"Nintendo,SquareEnix",True,65,0.16,16.95,Nintendo DS,E,2006,28.93,23.55,15.0
Average,Valkyrie Profile: Lenneth,True,1,True,True,Role-Playing (RPG),True,SquareEnix,True,80,0.16,22.95,Sony PSP,E,2006,40.12,35.07,29.98
Average,Enchanted Arms,True,1,True,True,Role-Playing (RPG),True,Ubisoft,True,69,0.15,17.95,X360,E,2006,47.45,43.03,21.83
Short,NHL 07,True,4,True,True,Sports,True,EA,True,76,0.14,12.95,Sony PSP,M,2006,8.0,-100.0,10.0
Short,Full Auto 2: Battlelines,True,2,True,True,Action,True,Sega,True,67,0.14,14.95,PlayStation 3,T,2006,12.5,10.18,8.75
Short,Blitz: The League,True,2,True,True,Sports,True,Midway,True,69,0.14,14.95,X360,T,2006,-100.0,-100.0,15.0
Short,Star Trek Legacy,True,2,True,True,Action,True,Ubisoft,True,64,0.14,24.95,X360,E,2006,9.0,8.0,11.0
Short,Eragon,True,1,True,True,Action,True,Unknown,True,63,0.14,16.95,Nintendo DS,E,2006,10.0,-100.0,6.0
Short,Mega Man ZX,True,1,True,True,Action,True,Capcom,True,76,0.14,19.95,Nintendo DS,T,2006,15.97,11.0,8.95
Short,X-Men: The Official Game,True,1,True,True,Action,True,Activision,True,52,0.14,14.95,X360,M,2006,12.25,11.88,12.5
Short,Happy Feet,True,2,True,True,Action,True,Midway,True,46,0.13,14.95,Nintendo Wii,E,2006,-100.0,-100.0,0.67
Short,Open Season,True,1,True,True,Action,True,Ubisoft,True,72,0.13,17.95,Nintendo DS,T,2006,8.5,2.25,3.5
Short,Dungeon Siege: Throne of Agony,True,1,True,True,Role-Playing (RPG),True,2K,True,74,0.13,24.95,Sony PSP,E,2006,16.83,18.38,17.22
Short,LocoRoco,True,1,True,True,Action,True,Sony,True,83,0.13,17.95,Sony PSP,T,2006,18.67,11.63,5.0
Short,Dead or Alive: Xtreme 2,True,1,True,True,Racing / Driving,True,Unknown,True,53,0.13,14.95,X360,T,2006,-100.0,-100.0,1.0
Short,Fuzion Frenzy 2,True,4,True,True,Action,True,Microsoft,True,49,0.12,14.95,X360,T,2006,9.0,5.0,1.75
Short,Lumines II,True,2,True,True,Strategy,True,Unknown,True,81,0.12,14.95,Sony PSP,E,2006,-100.0,14.0,15.0
Short,Star Wars: Lethal Alliance,True,1,True,True,Action,True,Ubisoft,True,61,0.12,17.95,Sony PSP,T,2006,-100.0,-100.0,5.0
Short,Worms: Open Warfare,True,1,True,True,Action,True,THQ,True,70,0.12,17.95,Sony PSP,T,2006,10.0,-100.0,8.25
Short,Eragon,True,4,True,True,Action,True,Unknown,True,59,0.11,14.95,Sony PSP,E,2006,10.0,-100.0,6.0
Short,Metal Slug Anthology,True,4,True,True,Action,True,Unknown,True,73,0.11,16.95,Nintendo Wii,T,2006,8.5,11.0,6.0
Short,Open Season,True,4,True,True,Action,True,Ubisoft,True,59,0.11,14.95,X360,E,2006,8.5,2.25,3.5
Short,Tom Clancy's Splinter Cell: Double Agent,True,2,True,True,Action,True,Ubisoft,True,61,0.11,17.95,Nintendo Wii,T,2006,11.33,11.0,11.0
Short,Avatar: The Last Airbender,True,1,True,True,Action,True,THQ,True,57,0.11,17.95,Sony PSP,E,2006,4.0,-100.0,6.0
Average,Lemmings,True,1,True,True,Strategy,True,Sony,True,76,0.11,17.95,Sony PSP,E,2006,13.6,21.0,21.62
Short,Mega Man Powered Up,True,1,True,True,Action,True,Capcom,True,82,0.11,16.95,Sony PSP,E,2006,-100.0,8.0,3.0
Short,Dynasty Warriors 5: Empires,True,2,True,True,Action,True,Unknown,True,61,0.1,14.95,X360,T,2006,30.0,-100.0,14.0
Average,Magical Starsign,True,1,True,True,Role-Playing (RPG),True,Nintendo,True,69,0.1,9.95,Nintendo DS,E,2006,34.0,32.0,25.83
Short,Resident Evil: Deadly Silence,True,1,True,True,Action,True,Capcom,True,71,0.1,17.95,Nintendo DS,E,2006,10.28,6.0,6.0
Short,X-Men: The Official Game,True,1,True,True,Action,True,Activision,True,50,0.1,14.95,Nintendo DS,E,2006,12.25,11.88,12.5
Average,Armored Core 4,True,2,True,True,Action,True,Sega,True,65,0.09,19.95,PlayStation 3,E,2006,-100.0,19.0,23.0
Short,Eragon,True,2,True,True,Action,True,Unknown,True,48,0.09,12.95,X360,T,2006,10.0,-100.0,6.0
Short,LostMagic,True,1,True,True,Action,True,Ubisoft,True,68,0.09,14.95,Nintendo DS,T,2006,9.93,13.02,13.0
Short,Magnetica,True,1,True,True,Action,True,Nintendo,True,68,0.09,17.95,Nintendo DS,T,2006,-100.0,-100.0,9.93
Short,Def Jam Fight for NY: The Takeover,True,1,True,True,Action,True,EA,True,79,0.09,17.95,Sony PSP,T,2006,-100.0,-100.0,5.15
Short,The Ant Bully,True,1,True,True,Action,True,Midway,True,45,0.09,16.95,Nintendo Wii,T,2006,-100.0,-100.0,3.5700000000000003
Short,Just Cause,True,1,True,True,Action,True,Eidos,True,73,0.09,16.95,X360,E,2006,28.0,20.0,8.12
Short,Onechanbara: Bikini Samurai Squad,True,1,True,True,Action,True,Unknown,True,39,0.09,19.95,X360,E,2006,44.12,31.63,5.0
Average,Phantasy Star Universe,True,1,True,True,Role-Playing (RPG),True,Sega,True,64,0.09,24.95,X360,E,2006,55.5,29.0,26.82
Short,Project Sylpheed: Arc of Deception,True,1,True,True,Action,True,"Microsoft,SquareEnix",True,64,0.09,14.95,X360,T,2006,-100.0,15.0,4.0
Short,Winning Eleven: Pro Evolution Soccer 2007,True,6,True,True,Sports,True,Konami,True,80,0.08,11.95,X360,E,2006,64.0,-100.0,10.0
Average,Digimon World DS,True,1,True,True,Role-Playing (RPG),True,Namco,True,49,0.08,27.95,Nintendo DS,E,2006,37.0,37.23,25.0
Short,Justice League Heroes,True,1,True,True,Action,True,Unknown,True,43,0.08,17.95,Nintendo DS,E,2006,21.1,-100.0,5.0
Short,Open Season,True,4,True,True,Action,True,Ubisoft,True,49,0.07,17.95,Nintendo Wii,M,2006,8.5,2.25,3.5
Average,Samurai Warriors 2,True,4,True,True,Action,True,Unknown,True,52,0.07,14.95,X360,M,2006,50.12,44.38,30.0
Average,Import Tuner Challenge,True,2,True,True,Racing / Driving,True,Ubisoft,True,54,0.07,17.95,X360,E,2006,40.0,39.0,25.0
Short,Contact,True,1,True,True,Adventure,True,Unknown,True,73,0.07,14.95,Nintendo DS,E,2006,21.77,19.18,11.73
Short,Touch Detective,True,1,True,True,Adventure,True,Unknown,True,60,0.07,14.95,Nintendo DS,T,2006,8.0,7.5,6.0
Short,FIFA Street 2,True,1,True,True,Sports,True,EA,True,58,0.07,17.95,Sony PSP,T,2006,30.37,20.0,19.5
Short,007: From Russia with Love,True,1,True,True,Action,True,EA,True,61,0.07,17.95,Sony PSP,T,2006,-100.0,7.0,6.27
Short,PaRappa the Rapper,True,1,True,True,Action,True,Sony,True,67,0.07,12.95,Sony PSP,T,2006,3.3,4.5,1.12
Average,Riviera: The Promised Land,True,1,True,True,Role-Playing (RPG),True,Unknown,True,68,0.07,17.95,Sony PSP,M,2006,-100.0,24.0,24.53
Short,Samurai Warriors: State of War,True,1,True,True,Action,True,Unknown,True,64,0.07,17.95,Sony PSP,E,2006,-100.0,-100.0,10.5
Short,Viewtiful Joe: Red Hot Rumble,True,1,True,True,Action,True,Capcom,True,63,0.07,14.95,Sony PSP,E,2006,-100.0,13.45,4.8
Short,Ice Age 2: The Meltdown,True,1,True,True,Action,True,Unknown,True,66,0.07,17.95,Nintendo Wii,E,2006,-100.0,13.5,5.0
Short,Bionicle Heroes,True,1,True,True,Action,True,Eidos,True,72,0.06,16.95,Nintendo DS,T,2006,18.33,24.0,9.75
Short,Deep Labyrinth,True,1,True,True,Role-Playing (RPG),True,Unknown,True,57,0.06,10.95,Nintendo DS,T,2006,-100.0,-100.0,13.57
Average,Blade Dancer: Lineage of Light,True,1,True,True,Role-Playing (RPG),True,Unknown,True,60,0.06,16.95,Sony PSP,E,2006,28.35,-100.0,29.75
Short,Every Extend Extra,True,1,True,True,Action,True,Unknown,True,74,0.06,11.95,Sony PSP,E,2006,-100.0,-100.0,12.0
Short,Ultimate Ghosts 'N' Goblins,True,1,True,True,Action,True,Capcom,True,72,0.06,17.95,Sony PSP,E,2006,12.95,6.98,3.5
Short,Xiaolin Showdown,True,1,True,True,Action,True,Konami,True,44,0.06,14.95,Sony PSP,M,2006,16.38,-100.0,6.0
Short,Bionicle Heroes,True,1,True,True,Action,True,Eidos,True,59,0.06,14.95,X360,T,2006,18.33,24.0,9.75
Short,Bullet Witch,True,1,True,True,Action,True,Atari,True,55,0.06,16.95,X360,M,2006,15.0,13.0,6.28
Short,Death Jr. II: Root of Evil,True,2,True,True,Action,True,Konami,True,68,0.05,14.95,Sony PSP,E,2006,-100.0,13.38,6.02
Short,Guilty Gear: Dust Strikers,True,1,True,True,Action,True,Unknown,True,60,0.05,14.95,Nintendo DS,E,2006,-100.0,-100.0,0.32
Short,Lara Croft Tomb Raider: Legend,True,1,True,True,Action,True,Eidos,True,58,0.05,17.95,Nintendo DS,E,2006,16.0,8.45,7.42
Short,Worms: Open Warfare,True,1,True,True,Action,True,THQ,True,64,0.05,17.95,Nintendo DS,E,2006,10.0,-100.0,8.25
Short,Snoopy vs. the Red Baron,True,1,True,True,Action,True,Namco,True,76,0.05,17.95,Sony PSP,E,2006,-100.0,-100.0,6.0
Short,Ys VI: The Ark of Napishtim,True,1,True,True,Action,True,Konami,True,64,0.05,16.95,Sony PSP,E,2006,15.5,13.83,13.0
Short,Bomberman Land Touch!,True,1,True,True,Action,True,Unknown,True,78,0.04,24.95,Nintendo DS,E,2006,-100.0,17.13,15.0
Short,Point Blank DS,True,1,True,True,Action,True,"Atari,Namco",True,66,0.04,17.95,Nintendo DS,M,2006,-100.0,-100.0,0.15
Short,Scurge: Hive,True,1,True,True,Action,True,Unknown,True,70,0.04,8.95,Nintendo DS,M,2006,13.35,-100.0,9.58
Long,Tao's Adventure: Curse of the Demon Seal,True,1,True,True,Role-Playing (RPG),True,Konami,True,50,0.04,14.95,Nintendo DS,E,2006,-100.0,-100.0,45.0
Short,Gitaroo Man Lives!,True,1,True,True,Simulation,True,Unknown,True,80,0.04,22.95,Sony PSP,E,2006,-100.0,2.68,1.88
Short,Gradius Collection,True,1,True,True,Action,True,Konami,True,76,0.04,17.95,Sony PSP,T,2006,-100.0,10.25,10.0
Average,The Legend of Heroes II: Prophecy of the Moonli...,True,1,True,True,Role-Playing (RPG),True,Namco,True,63,0.04,17.95,Sony PSP,E,2006,35.0,22.5,20.62
Short,Pac-Man World Rally,True,1,True,True,Action,True,Namco,True,51,0.04,17.95,Sony PSP,T,2006,-100.0,-100.0,2.75
Short,Earth Defense Force 2017,True,2,True,True,Action,True,Unknown,True,69,0.03,17.95,X360,T,2006,60.5,22.5,10.0
Short,WarTech: Senko no Ronde,True,2,True,True,Action,True,Ubisoft,True,60,0.03,12.95,X360,T,2006,101.0,-100.0,1.0
Short,MechAssault: Phantom War,True,1,True,True,Action,True,Unknown,True,66,0.03,12.95,Nintendo DS,E,2006,-100.0,-100.0,7.0
Short,Astonishia Story,True,1,True,True,Role-Playing (RPG),True,Ubisoft,True,48,0.03,16.95,Sony PSP,T,2006,16.73,21.28,19.15
Short,MotoGP,True,1,True,True,Racing / Driving,True,Sony,True,69,0.03,32.95,Sony PSP,E,2006,-100.0,-100.0,7.5
Short,OutRun 2006: Coast 2 Coast,True,1,True,True,Racing / Driving,True,Sega,True,82,0.03,17.95,Sony PSP,E,2006,-100.0,-100.0,4.0
Short,Tenchu: Dark Secret,True,1,True,True,Action,True,Nintendo,True,37,0.02,14.95,Nintendo DS,E,2006,-100.0,-100.0,7.1
Short,Metal Gear Solid: Digital Graphic Novel,True,1,True,True,Adventure,True,Konami,True,78,0.02,17.95,Sony PSP,T,2006,3.0,-100.0,3.03
Short,Platypus,True,2,True,True,Action,True,Unknown,True,59,0.01,14.95,Sony PSP,T,2006,-100.0,-100.0,1.25
Short,Custom Robo Arena,True,1,True,True,Action,True,Nintendo,True,74,0.01,17.95,Nintendo DS,T,2006,48.0,21.0,19.12
Short,Gurumin: A Monstrous Adventure,True,1,True,True,Action,True,Unknown,True,78,0.01,13.95,Sony PSP,T,2006,19.0,11.38,9.4
Short,Spider-Man 3,True,1,True,True,Action,True,Ubisoft,True,58,0.01,6.95,Sony PSP,M,2006,10.82,11.32,9.67
Short,Wii Fit,True,1,True,True,Educational,True,Nintendo,True,80,9.6,24.95,Nintendo Wii,T,2007,-100.0,13.0,3.93
Short,Halo 3,True,4,True,True,Action,True,Microsoft,True,94,8.03,24.95,X360,E,2007,15.0,11.0,9.0
Short,Call of Duty 4: Modern Warfare,True,4,True,True,Action,True,Activision,True,94,5.77,29.95,X360,E,2007,15.0,9.0,7.0
Short,Super Mario Galaxy,True,2,True,True,Action,True,Nintendo,True,97,4.94,39.95,Nintendo Wii,E,2007,45.0,26.85,15.0
Short,Mario Party DS,True,1,True,True,Action,True,Nintendo,True,72,4.34,27.95,Nintendo DS,T,2007,8.0,4.53,6.87
Short,Mario Party 8,True,4,True,True,Action,True,Nintendo,True,62,3.84,39.95,Nintendo Wii,T,2007,7.0,12.33,4.0
Short,Guitar Hero III: Legends of Rock,True,2,True,True,Action,True,Activision,True,85,3.2800000000000002,12.95,X360,T,2007,24.0,15.5,8.0
Short,Link's Crossbow Training,True,1,True,True,Action,True,Nintendo,True,68,3.2,14.95,Nintendo Wii,E,2007,4.02,2.5,1.12
Short,Guitar Hero III: Legends of Rock,True,2,True,True,Action,True,Activision,True,86,3.19,49.95,Nintendo Wii,T,2007,24.0,15.5,8.0
Short,Assassin's Creed,True,1,True,True,Action,True,Ubisoft,True,81,3.17,16.95,X360,T,2007,30.0,19.62,15.0
Short,LEGO Star Wars: The Complete Saga,True,2,True,True,Action,True,Unknown,True,80,3.03,17.95,Nintendo Wii,M,2007,39.5,21.0,14.0
Short,Call of Duty 4: Modern Warfare,True,4,True,True,Action,True,Activision,True,94,2.91,24.95,PlayStation 3,E,2007,15.0,9.0,7.0
Short,Mario & Sonic at the Olympic Games,True,4,True,True,Action,True,"Nintendo,Sega",True,67,2.74,29.95,Nintendo Wii,E,2007,10.0,9.58,7.0
Short,LEGO Star Wars: The Complete Saga,True,1,True,True,Action,True,Unknown,True,80,2.66,17.95,Nintendo DS,E,2007,39.5,21.0,14.0
Long,Forza Motorsport 2,True,2,True,True,Racing / Driving,True,Microsoft,True,90,2.48,12.95,X360,T,2007,67.38,55.0,54.2
Short,Madden NFL 08,True,4,True,True,Sports,True,EA,True,85,2.32,9.95,X360,E,2007,10.0,291.0,17.0
Short,Guitar Hero II,True,2,True,True,Action,True,Activision,True,92,2.04,17.95,X360,T,2007,30.0,20.0,9.0
Short,Rock Band,True,4,True,True,Action,True,Unknown,True,92,2.02,14.95,X360,E,2007,42.0,26.37,7.75
Short,The Legend of Zelda: Phantom Hourglass,True,1,True,True,Action,True,Nintendo,True,90,1.92,24.95,Nintendo DS,E,2007,25.0,20.0,15.57
Average,Pokmon Mystery Dungeon: Explorers of Darkness,True,1,True,True,Role-Playing (RPG),True,Nintendo,True,59,1.9100000000000001,15.95,Nintendo DS,E,2007,81.13,28.92,20.85
Average,Pokmon Mystery Dungeon: Explorers of Time,True,1,True,True,Role-Playing (RPG),True,Nintendo,True,59,1.9100000000000001,24.95,Nintendo DS,T,2007,81.13,28.92,20.85
Short,Assassin's Creed,True,1,True,True,Action,True,Ubisoft,True,81,1.77,17.95,PlayStation 3,T,2007,30.0,19.62,15.0
Short,Uncharted: Drake's Fortune,True,1,True,True,Action,True,Sony,True,88,1.76,24.95,PlayStation 3,T,2007,16.98,10.0,8.47
Short,Mass Effect,True,1,True,True,Action,True,Microsoft,True,91,1.57,17.95,X360,T,2007,40.83,28.0,16.5
Short,Cooking Mama 2: Dinner with Friends,True,1,True,True,Simulation,True,Unknown,True,70,1.56,17.95,Nintendo DS,E,2007,22.93,-100.0,5.13
Short,BioShock,True,1,True,True,Action,True,2K,True,96,1.52,16.95,X360,T,2007,20.0,15.0,12.0
Short,Super Paper Mario,True,1,True,True,Action,True,Nintendo,True,85,1.5,29.95,Nintendo Wii,E,2007,48.43,22.22,18.0
Short,Ratchet & Clank: Size Matters,True,1,True,True,Action,True,Sony,True,85,1.47,14.95,Sony PSP,E,2007,17.0,7.12,7.0
Short,Dance Dance Revolution Hottest Party,True,4,True,True,Action,True,Konami,True,73,1.45,17.95,Nintendo Wii,T,2007,-100.0,-100.0,8.0
Short,Cooking Mama: Cook Off,True,2,True,True,Simulation,True,Unknown,True,61,1.38,14.95,Nintendo Wii,M,2007,-100.0,-100.0,3.4
Short,Gran Turismo 5: Prologue,True,2,True,True,Racing / Driving,True,Sony,True,80,1.31,24.95,PlayStation 3,E,2007,-100.0,27.5,10.72
Short,Professor Layton and the Curious Village,True,1,True,True,Adventure,True,Nintendo,True,85,1.26,23.95,Nintendo DS,E,2007,14.7,14.65,12.47
Short,Resident Evil 4,True,1,True,True,Action,True,Capcom,True,91,1.24,16.95,Nintendo Wii,T,2007,25.0,20.0,16.0
Average,The Elder Scrolls IV: Oblivion,True,1,True,True,Action,True,Ubisoft,True,93,1.2,17.95,PlayStation 3,T,2007,185.0,86.95,24.0
Short,Diddy Kong Racing DS,True,1,True,True,Racing / Driving,True,Nintendo,True,63,1.16,24.95,Nintendo DS,T,2007,23.82,-100.0,11.03
Short,Need for Speed: ProStreet,True,2,True,True,Racing / Driving,True,EA,True,72,1.1,16.95,X360,T,2007,15.87,13.5,10.0
Short,Deal or No Deal,True,1,True,True,Strategy,True,Unknown,True,20,1.1,11.95,Nintendo DS,E,2007,4.42,-100.0,0.1
Short,LEGO Star Wars: The Complete Saga,True,2,True,True,Action,True,Unknown,True,80,1.09,17.95,X360,T,2007,39.5,21.0,14.0
Short,Sonic and the Secret Rings,True,4,True,True,Action,True,Sega,True,69,1.08,16.95,Nintendo Wii,E,2007,13.73,8.0,9.27
Average,The Orange Box,True,1,True,True,Action,True,Unknown,True,96,1.06,17.95,X360,E,2007,54.5,27.0,28.75
Short,Crackdown,True,1,True,True,Action,True,Microsoft,True,83,1.02,14.95,X360,M,2007,40.0,16.45,10.0
Short,Rock Band,True,4,True,True,Action,True,Unknown,True,92,1.01,14.95,PlayStation 3,M,2007,42.0,26.37,7.75
Short,WWE Smackdown vs. Raw 2008,True,4,True,True,Sports,True,THQ,True,71,0.96,12.95,X360,T,2007,50.5,30.9,10.0
Short,Madden NFL 08,True,4,True,True,Sports,True,EA,True,81,0.9400000000000001,9.95,PlayStation 3,T,2007,10.0,291.0,17.0
Short,Call of Duty 4: Modern Warfare,True,1,True,True,Action,True,Activision,True,75,0.9400000000000001,19.95,Nintendo DS,T,2007,15.0,9.0,7.0
Short,MySims,True,1,True,True,Simulation,True,EA,True,68,0.9400000000000001,17.95,Nintendo Wii,T,2007,-100.0,9.0,7.18
Short,Mario Strikers Charged,True,4,True,True,Action,True,Nintendo,True,79,0.93,29.95,Nintendo Wii,E,2007,-100.0,14.0,10.0
Short,Star Wars Battlefront: Renegade Squadron,True,1,True,True,Action,True,Unknown,True,73,0.93,16.95,Sony PSP,T,2007,-100.0,4.12,2.7199999999999998
Short,Flash Focus: Vision Training in Minutes a Day,True,1,True,True,Action,True,Nintendo,True,59,0.91,17.95,Nintendo DS,T,2007,-100.0,-100.0,6.0
Short,Metroid Prime 3: Corruption,True,1,True,True,Action,True,Nintendo,True,90,0.91,19.95,Nintendo Wii,T,2007,18.5,16.7,14.0
Short,Tom Clancy's Ghost Recon: Advanced Warfighter 2...,True,1,True,True,Action,True,Ubisoft,True,86,0.89,14.95,X360,T,2007,-100.0,-100.0,8.75
Short,Madden NFL 08,True,4,True,True,Sports,True,EA,True,76,0.86,12.95,Nintendo Wii,M,2007,10.0,291.0,17.0
Short,Ratchet & Clank Future: Tools of Destruction,True,1,True,True,Action,True,Sony,True,89,0.86,22.95,PlayStation 3,E,2007,39.5,15.0,13.37
Short,LEGO Star Wars: The Complete Saga,True,2,True,True,Action,True,Unknown,True,80,0.85,17.95,PlayStation 3,M,2007,39.5,21.0,14.0
Short,Rayman Raving Rabbids 2,True,4,True,True,Action,True,Ubisoft,True,67,0.84,17.95,Nintendo Wii,T,2007,-100.0,12.0,5.0
Short,NBA 2K8 ,True,1,True,True,Sports,True,2K,True,81,0.8300000000000001,9.95,X360,M,2007,-100.0,-100.0,4.0
Short,Namco Museum DS,True,1,True,True,Action,True,Namco,True,67,0.8,17.95,Nintendo DS,E,2007,-100.0,-100.0,10.0
Short,Need for Speed: ProStreet,True,2,True,True,Racing / Driving,True,EA,True,73,0.75,16.95,PlayStation 3,T,2007,15.87,13.5,10.0
Short,Drawn to Life,True,1,True,True,Action,True,THQ,True,73,0.75,17.95,Nintendo DS,T,2007,12.8,14.0,14.37
Short,Resident Evil: The Umbrella Chronicles,True,2,True,True,Action,True,"Capcom,Nintendo",True,75,0.6900000000000001,19.95,Nintendo Wii,T,2007,20.0,12.62,7.25
Short,NCAA Football 08,True,2,True,True,Sports,True,EA,True,81,0.68,9.95,X360,E,2007,-100.0,-100.0,12.0
Short,WWE Smackdown vs. Raw 2008,True,6,True,True,Sports,True,THQ,True,74,0.64,14.95,PlayStation 3,E,2007,50.5,30.9,10.0
Short,Madden NFL 08,True,1,True,True,Sports,True,EA,True,75,0.64,9.95,Sony PSP,E,2007,10.0,291.0,17.0
Short,The Simpsons Game,True,1,True,True,Action,True,EA,True,69,0.6000000000000001,17.95,Nintendo DS,M,2007,1.0,-100.0,0.87
Short,Ace Combat 6: Fires of Liberation,True,1,True,True,Action,True,Namco,True,80,0.58,19.95,X360,E,2007,-100.0,19.7,13.25
Short,Heavenly Sword,True,1,True,True,Action,True,Sony,True,79,0.5700000000000001,24.95,PlayStation 3,E,2007,15.0,7.73,7.0
Short,Ninja Gaiden Sigma,True,1,True,True,Action,True,Unknown,True,88,0.5700000000000001,19.95,PlayStation 3,E,2007,16.0,16.0,14.15
Short,Ben 10: Protector of the Earth,True,1,True,True,Action,True,Unknown,True,63,0.5700000000000001,16.95,Nintendo Wii,T,2007,4.33,4.22,5.13
Short,The Simpsons Game,True,2,True,True,Action,True,EA,True,71,0.55,17.95,X360,T,2007,1.0,-100.0,0.87
Short,Sonic Rush Adventure,True,1,True,True,Action,True,Sega,True,78,0.52,24.95,Nintendo DS,T,2007,11.0,8.0,6.0
Short,Tony Hawk's Proving Ground,True,2,True,True,Sports,True,Activision,True,72,0.51,16.95,X360,T,2007,-100.0,-100.0,8.13
Short,Call of Duty: Roads to Victory,True,1,True,True,Action,True,Activision,True,64,0.51,24.95,Sony PSP,E,2007,7.25,6.25,4.92
Short,Transformers: The Game,True,1,True,True,Action,True,Activision,True,52,0.51,14.95,X360,M,2007,18.28,17.35,5.0
Short,NBA 2K8,True,7,True,True,Sports,True,2K,True,81,0.5,9.95,PlayStation 3,M,2007,-100.0,-100.0,4.0
Short,Medal of Honor: Heroes 2,True,1,True,True,Action,True,EA,True,69,0.5,17.95,Sony PSP,E,2007,-100.0,5.0,5.0
Short,Spider-Man 3,True,1,True,True,Action,True,Activision,True,63,0.5,11.95,X360,E,2007,10.82,11.32,9.67
Short,Tom Clancy's Rainbow Six: Vegas,True,2,True,True,Action,True,Ubisoft,True,86,0.49,16.95,PlayStation 3,E,2007,12.0,12.65,9.0
Short,Need for Speed: ProStreet,True,2,True,True,Racing / Driving,True,EA,True,61,0.49,16.95,Nintendo Wii,M,2007,15.87,13.5,10.0
Short,Dance Dance Revolution Universe 2,True,4,True,True,Action,True,Konami,True,65,0.48,19.95,X360,T,2007,-100.0,-100.0,8.0
Short,MX vs. ATV Untamed,True,2,True,True,Racing / Driving,True,THQ,True,70,0.48,17.95,X360,T,2007,-100.0,-100.0,12.0
Average,Final Fantasy IV,True,1,True,True,Role-Playing (RPG),True,SquareEnix,True,85,0.48,17.95,Nintendo DS,T,2007,52.0,39.22,31.08
Short,The Simpsons Game,True,2,True,True,Action,True,EA,True,64,0.47000000000000003,17.95,Nintendo Wii,T,2007,1.0,-100.0,0.87
Short,WWE Smackdown vs. Raw 2008,True,4,True,True,Sports,True,THQ,True,68,0.46,16.95,Sony PSP,E,2007,50.5,30.9,10.0
Short,Tiger Woods PGA Tour 07,True,4,True,True,Sports,True,EA,True,71,0.46,17.95,Nintendo Wii,T,2007,-100.0,-100.0,10.0
Short,Crash of the Titans,True,1,True,True,Action,True,Unknown,True,73,0.46,17.95,Nintendo DS,T,2007,9.22,10.1,7.5
Short,Medal of Honor: Airborne,True,2,True,True,Action,True,EA,True,73,0.45,17.95,X360,E,2007,10.75,8.2,6.0
Short,Spider-Man 3,True,1,True,True,Action,True,Activision,True,53,0.45,14.95,Nintendo Wii,T,2007,10.82,11.32,9.67
Long,Lost Odyssey,True,1,True,True,Role-Playing (RPG),True,Microsoft,True,78,0.45,19.95,X360,T,2007,97.9,70.0,50.0
Short,Bee Movie Game,True,1,True,True,Adventure,True,Activision,True,58,0.44,17.95,Nintendo DS,E,2007,6.0,5.27,5.92
Short,Spider-Man 3,True,1,True,True,Action,True,Activision,True,79,0.44,16.95,Nintendo DS,M,2007,10.82,11.32,9.67
Average,Final Fantasy Tactics,True,1,True,True,Role-Playing (RPG),True,SquareEnix,True,88,0.44,17.95,Sony PSP,M,2007,84.0,56.2,38.0
Short,Ratatouille,True,1,True,True,Action,True,THQ,True,62,0.43,19.95,Nintendo Wii,T,2007,15.0,26.75,10.0
Short,Two Worlds,True,1,True,True,Action,True,Unknown,True,50,0.43,14.95,X360,M,2007,60.0,27.72,15.75
Short,Crash of the Titans,True,2,True,True,Action,True,Unknown,True,69,0.42,17.95,Nintendo Wii,E,2007,9.22,10.1,7.5
Short,Sonic the Hedgehog,True,2,True,True,Action,True,Sega,True,46,0.41000000000000003,14.95,X360,T,2007,8.87,4.0,2.87
Short,Mega Man Star Force: Dragon,True,1,True,True,Action,True,Capcom,True,60,0.41000000000000003,27.95,Nintendo DS,T,2007,31.95,25.0,16.62
Short,Sonic the Hedgehog,True,2,True,True,Action,True,Sega,True,43,0.4,16.95,PlayStation 3,M,2007,8.87,4.0,2.87
Short,Harry Potter and the Order of the Phoenix,True,1,True,True,Action,True,EA,True,69,0.4,24.95,Nintendo Wii,T,2007,15.0,10.0,10.0
Short,WWE Smackdown vs. Raw 2008,True,4,True,True,Sports,True,THQ,True,59,0.39,12.95,Nintendo Wii,M,2007,50.5,30.9,10.0
Short,The Simpsons Game,True,2,True,True,Action,True,EA,True,71,0.39,17.95,PlayStation 3,E,2007,1.0,-100.0,0.87
Short,DiRT,True,1,True,True,Racing / Driving,True,Unknown,True,83,0.39,17.95,X360,E,2007,38.0,14.0,12.88
Short,Kane & Lynch: Dead Men,True,2,True,True,Action,True,Eidos,True,65,0.38,14.95,X360,E,2007,9.0,6.33,6.0
Short,Jam Sessions,True,1,True,True,Educational,True,Ubisoft,True,72,0.38,8.95,Nintendo DS,T,2007,-100.0,-100.0,0.25
Average,Monster Hunter Freedom 2,True,1,True,True,Action,True,Capcom,True,72,0.38,12.95,Sony PSP,T,2007,453.13,68.0,38.0
Short,Shadowrun,True,1,True,True,Action,True,Microsoft,True,66,0.38,12.95,X360,E,2007,37.5,27.35,20.0
Short,Thrillville: Off the Rails,True,4,True,True,Simulation,True,Unknown,True,70,0.37,16.95,Nintendo Wii,E,2007,10.75,32.0,8.5
Short,Tony Hawk's Proving Ground,True,2,True,True,Sports,True,Activision,True,73,0.37,12.95,PlayStation 3,E,2007,-100.0,-100.0,8.13
Average,The World Ends With You,True,1,True,True,Action,True,SquareEnix,True,88,0.37,17.95,Nintendo DS,M,2007,125.43,50.0,25.0
Short,The BIGS,True,4,True,True,Action,True,2K,True,66,0.36,17.95,Nintendo Wii,M,2007,46.68,-100.0,0.53
Short,NCAA Football 08,True,2,True,True,Sports,True,EA,True,77,0.36,9.95,PlayStation 3,T,2007,-100.0,-100.0,12.0
Long,Final Fantasy Tactics A2: Grimoire of the Rift,True,1,True,True,Role-Playing (RPG),True,SquareEnix,True,80,0.36,17.95,Nintendo DS,E,2007,110.25,80.0,50.0
Short,Beowulf: The Game,True,1,True,True,Action,True,Ubisoft,True,51,0.36,12.95,X360,E,2007,-100.0,8.08,10.5
Short,The Darkness,True,1,True,True,Action,True,2K,True,82,0.36,14.95,X360,M,2007,20.0,11.12,9.5
Short,Tom Clancy's Ghost Recon: Advanced Warfighter 2...,True,4,True,True,Action,True,Ubisoft,True,84,0.35000000000000003,17.95,PlayStation 3,T,2007,-100.0,-100.0,8.75
Short,Final Fantasy,True,1,True,True,Role-Playing (RPG),True,SquareEnix,True,67,0.35000000000000003,17.95,Sony PSP,T,2007,33.0,23.0,16.95
Short,Lair,True,1,True,True,Action,True,Sony,True,53,0.35000000000000003,19.95,PlayStation 3,E,2007,-100.0,11.0,8.97
Short,Transformers: The Game,True,1,True,True,Action,True,Activision,True,53,0.35000000000000003,17.95,Nintendo Wii,T,2007,18.28,17.35,5.0
Average,Command & Conquer 3: Tiberium Wars,True,1,True,True,Strategy,True,EA,True,82,0.35000000000000003,24.95,X360,T,2007,37.5,26.0,24.0
Short,Overlord,True,1,True,True,Action,True,Unknown,True,76,0.35000000000000003,17.95,X360,M,2007,30.42,20.85,18.3
Short,Diner Dash,True,1,True,True,Action,True,Unknown,True,64,0.34,17.95,Nintendo DS,T,2007,6.0,5.0,4.3
Short,Medal of Honor: Heroes 2,True,1,True,True,Action,True,EA,True,73,0.34,19.95,Nintendo Wii,E,2007,-100.0,5.0,5.0
Short,MX vs. ATV Untamed,True,2,True,True,Racing / Driving,True,THQ,True,67,0.33,17.95,PlayStation 3,T,2007,-100.0,-100.0,12.0
Short,Time Crisis 4,True,2,True,True,Action,True,Namco,True,60,0.33,24.95,PlayStation 3,M,2007,-100.0,-100.0,1.0
Short,Dragon Ball Z: Budokai Tenkaichi 3,True,2,True,True,Action,True,Atari,True,72,0.33,17.95,Nintendo Wii,E,2007,30.0,18.0,12.0
Average,Final Fantasy XII: Revenant Wings,True,1,True,True,Role-Playing (RPG),True,SquareEnix,True,81,0.33,19.95,Nintendo DS,T,2007,51.72,30.5,30.1
Short,Unreal Tournament III,True,1,True,True,Action,True,Midway,True,86,0.33,16.95,PlayStation 3,M,2007,23.5,16.32,10.5
Short,Bee Movie Game,True,2,True,True,Action,True,Activision,True,62,0.32,14.95,Nintendo Wii,E,2007,6.0,5.27,5.92
Short,Def Jam: Icon,True,2,True,True,Action,True,EA,True,69,0.32,17.95,X360,M,2007,-100.0,-100.0,8.0
Short,Transformers: The Game,True,1,True,True,Action,True,Activision,True,54,0.32,17.95,PlayStation 3,E,2007,18.28,17.35,5.0
Short,TimeShift,True,1,True,True,Action,True,Unknown,True,70,0.32,12.95,X360,M,2007,9.0,10.0,8.4
Short,SSX Blur,True,4,True,True,Sports,True,EA,True,74,0.31,17.95,Nintendo Wii,E,2007,-100.0,-100.0,10.0
Short,Bleach: The Blade of Fate,True,1,True,True,Action,True,Sega,True,83,0.31,17.95,Nintendo DS,E,2007,35.5,20.0,5.0
Average,Final Fantasy II,True,1,True,True,Role-Playing (RPG),True,SquareEnix,True,63,0.31,17.95,Sony PSP,E,2007,44.13,30.43,25.0
Short,Virtua Fighter 5,True,2,True,True,Action,True,Sega,True,85,0.30000000000000004,14.95,PlayStation 3,M,2007,1.25,8.0,1.17
Short,NiGHTS: Journey of Dreams,True,2,True,True,Action,True,Sega,True,69,0.30000000000000004,14.95,Nintendo Wii,M,2007,-100.0,7.25,6.0
Average,Puzzle Quest: Challenge of the Warlords,True,1,True,True,Role-Playing (RPG),True,Unknown,True,82,0.30000000000000004,17.95,Nintendo DS,E,2007,56.0,40.5,35.0
Short,Kane & Lynch: Dead Men,True,2,True,True,Action,True,Eidos,True,64,0.29,19.95,PlayStation 3,E,2007,9.0,6.33,6.0
Short,Crash of the Titans,True,2,True,True,Action,True,Unknown,True,65,0.29,17.95,X360,E,2007,9.22,10.1,7.5
Short,Harry Potter and the Order of the Phoenix,True,1,True,True,Action,True,EA,True,51,0.29,17.95,Nintendo DS,E,2007,15.0,10.0,10.0
Short,SimCity DS,True,1,True,True,Simulation,True,EA,True,69,0.29,14.95,Nintendo DS,T,2007,-100.0,-100.0,3.0
Short,Wario: Master of Disguise,True,1,True,True,Action,True,Nintendo,True,60,0.29,14.95,Nintendo DS,E,2007,-100.0,15.0,9.0
Short,No More Heroes,True,1,True,True,Action,True,Ubisoft,True,83,0.29,17.95,Nintendo Wii,M,2007,24.5,14.0,10.0
Short,BlackSite: Area 51,True,1,True,True,Action,True,Midway,True,62,0.29,17.95,X360,E,2007,6.8,6.0,5.53
Short,Shrek the Third,True,2,True,True,Action,True,Activision,True,56,0.28,14.95,X360,E,2007,5.5,7.0,4.0
Short,Shrek the Third,True,1,True,True,Adventure,True,Activision,True,70,0.28,16.95,Nintendo DS,T,2007,5.5,7.0,4.0
Short,Surf's Up,True,1,True,True,Racing / Driving,True,Ubisoft,True,56,0.28,14.95,Nintendo DS,T,2007,-100.0,-100.0,1.28
Short,TMNT,True,1,True,True,Action,True,Ubisoft,True,58,0.28,19.95,X360,E,2007,5.0,5.75,4.75
Short,Spider-Man: Friend or Foe,True,2,True,True,Action,True,Activision,True,60,0.27,17.95,X360,E,2007,16.4,6.82,8.0
Short,Contra 4,True,1,True,True,Action,True,Konami,True,83,0.27,17.95,Nintendo DS,T,2007,17.5,-100.0,2.12
Short,Phoenix Wright: Ace Attorney - Trials and Tribu...,True,1,True,True,Adventure,True,Capcom,True,81,0.27,17.95,Nintendo DS,T,2007,23.0,24.67,20.0
Short,Disney Pirates of the Caribbean: At World's End,True,1,True,True,Action,True,Disney,True,66,0.27,14.95,Nintendo DS,T,2007,31.9,12.47,5.92
Short,Dragon Ball Z: Shin Budokai - Another Road,True,1,True,True,Action,True,"Atari,Namco",True,65,0.27,16.95,Sony PSP,E,2007,9.0,-100.0,8.0
Short,Spider-Man 3,True,1,True,True,Action,True,Activision,True,60,0.27,17.95,PlayStation 3,E,2007,10.82,11.32,9.67
Short,The Golden Compass,True,1,True,True,Action,True,Sega,True,41,0.27,9.95,X360,M,2007,-100.0,16.5,6.98
Short,Stuntman: Ignition,True,4,True,True,Action,True,THQ,True,75,0.26,14.95,X360,T,2007,15.0,6.33,5.27
Short,Chicken Shoot,True,2,True,True,Action,True,Unknown,True,27,0.26,12.95,Nintendo Wii,E,2007,0.5,-100.0,0.75
Short,Shrek the Third,True,2,True,True,Action,True,Activision,True,57,0.26,16.95,Nintendo Wii,E,2007,5.5,7.0,4.0
Short,DK: Jungle Climber,True,1,True,True,Action,True,Nintendo,True,77,0.26,24.95,Nintendo DS,T,2007,-100.0,9.0,5.15
Average,Dragon Quest IV: Chapters of the Chosen,True,1,True,True,Role-Playing (RPG),True,SquareEnix,True,80,0.26,24.95,Nintendo DS,T,2007,40.05,32.12,26.65
Short,300: March to Glory,True,1,True,True,Action,True,Eidos,True,55,0.26,14.95,Sony PSP,E,2007,-100.0,-100.0,7.4
Long,Fire Emblem: Radiant Dawn,True,1,True,True,Role-Playing (RPG),True,Nintendo,True,78,0.26,34.95,Nintendo Wii,T,2007,55.0,58.83,42.0
Short,The Golden Compass,True,1,True,True,Action,True,Sega,True,35,0.26,14.95,Nintendo Wii,E,2007,-100.0,16.5,6.98
Short,Manhunt 2,True,1,True,True,Action,True,Rockstar,True,62,0.26,19.95,Nintendo Wii,E,2007,21.18,14.0,8.57
Short,Virtua Tennis 3,True,4,True,True,Sports,True,Sega,True,80,0.24,19.95,PlayStation 3,E,2007,-100.0,15.0,17.0
Short,All-Pro Football 2K8,True,4,True,True,Sports,True,2K,True,75,0.24,7.95,X360,T,2007,-100.0,-100.0,12.0
Short,The Warriors,True,1,True,True,Action,True,Rockstar,True,52,0.24,17.95,Sony PSP,T,2007,12.92,10.37,10.27
Short,Ghost Rider,True,4,True,True,Action,True,2K,True,49,0.23,16.95,Sony PSP,T,2007,3.6,-100.0,5.15
Short,Tony Hawk's Proving Ground,True,2,True,True,Sports,True,Activision,True,57,0.23,16.95,Nintendo Wii,E,2007,-100.0,-100.0,8.13
Short,Juiced 2: Hot Import Nights,True,2,True,True,Racing / Driving,True,THQ,True,68,0.23,14.95,X360,E,2007,-100.0,17.35,15.0
Short,Juiced 2: Hot Import Nights,True,1,True,True,Racing / Driving,True,THQ,True,72,0.23,13.95,Nintendo DS,T,2007,-100.0,17.35,15.0
Short,The Simpsons Game,True,1,True,True,Action,True,EA,True,59,0.23,16.95,Sony PSP,M,2007,1.0,-100.0,0.87
Short,Syphon Filter: Logan's Shadow,True,1,True,True,Action,True,Sony,True,85,0.23,16.95,Sony PSP,T,2007,10.77,10.0,11.0
Short,Ratatouille,True,4,True,True,Action,True,THQ,True,56,0.22,16.95,X360,T,2007,15.0,26.75,10.0
Short,Trauma Center: New Blood,True,2,True,True,Action,True,Nintendo,True,77,0.22,17.95,Nintendo Wii,E,2007,-100.0,15.0,12.0
Short,Hotel Dusk: Room 215,True,1,True,True,Adventure,True,Nintendo,True,78,0.22,14.95,Nintendo DS,E,2007,16.0,16.0,15.0
Short,Mega Man ZX Advent,True,1,True,True,Action,True,Capcom,True,78,0.22,17.95,Nintendo DS,T,2007,15.93,12.97,6.75
Short,Silent Hill: 0rigins,True,1,True,True,Action,True,Konami,True,78,0.22,17.95,Sony PSP,E,2007,6.0,5.0,6.0
Short,Harry Potter and the Order of the Phoenix,True,1,True,True,Action,True,EA,True,68,0.22,16.95,X360,M,2007,15.0,10.0,10.0
Short,NHL 08 ,True,1,True,True,Sports,True,EA,True,85,0.22,9.95,X360,E,2007,-100.0,-100.0,17.5
Short,Castlevania: The Dracula X Chronicles,True,2,True,True,Action,True,Konami,True,80,0.21,16.95,Sony PSP,E,2007,5.32,9.92,7.0
Short,Tony Hawk's Proving Ground,True,1,True,True,Sports,True,Activision,True,39,0.21,13.95,Nintendo DS,M,2007,-100.0,-100.0,8.13
Average,Jeanne d'Arc,True,1,True,True,Role-Playing (RPG),True,Sony,True,87,0.21,19.95,Sony PSP,T,2007,68.0,38.17,30.92
Short,BWii: Battalion Wars 2,True,1,True,True,Action,True,Nintendo,True,75,0.21,14.95,Nintendo Wii,T,2007,-100.0,-100.0,9.72
Short,Battlestations: Midway,True,1,True,True,Action,True,Eidos,True,73,0.21,17.95,X360,T,2007,-100.0,3.27,8.85
Short,Touch the Dead,True,1,True,True,Action,True,Unknown,True,56,0.2,16.95,Nintendo DS,T,2007,-100.0,-100.0,4.65
Short,The Darkness,True,1,True,True,Action,True,2K,True,80,0.2,14.95,PlayStation 3,E,2007,20.0,11.12,9.5
Short,The BIGS,True,4,True,True,Action,True,2K,True,79,0.19,12.95,X360,M,2007,46.68,-100.0,0.53
Average,Armored Core 4,True,2,True,True,Action,True,Sega,True,65,0.19,17.95,X360,E,2007,-100.0,19.0,23.0
Long,Etrian Odyssey,True,1,True,True,Role-Playing (RPG),True,Nintendo,True,75,0.19,24.95,Nintendo DS,E,2007,84.15,68.5,50.0
Short,Ben 10: Protector of the Earth,True,1,True,True,Action,True,Unknown,True,60,0.19,16.95,Sony PSP,T,2007,4.33,4.22,5.13
Short,Tom Clancy's Splinter Cell: Double Agent,True,1,True,True,Action,True,Ubisoft,True,78,0.19,22.95,PlayStation 3,M,2007,11.33,11.0,11.0
Short,Looney Tunes: Acme Arsenal,True,1,True,True,Action,True,Unknown,True,27,0.19,14.95,Nintendo Wii,T,2007,-100.0,-100.0,3.15
Short,Zack & Wiki: Quest for Barbaros' Treasure,True,1,True,True,Adventure,True,Capcom,True,87,0.19,17.95,Nintendo Wii,E,2007,18.0,15.0,14.08
Short,Virtua Fighter 5,True,2,True,True,Action,True,Sega,True,89,0.18,17.95,X360,E,2007,1.25,8.0,1.17
Short,Lunar Knights,True,1,True,True,Action,True,Konami,True,82,0.18,16.95,Nintendo DS,T,2007,26.0,16.28,12.0
Average,Enchanted Arms,True,1,True,True,Role-Playing (RPG),True,Ubisoft,True,64,0.18,17.95,PlayStation 3,E,2007,47.45,43.03,21.83
Short,F.E.A.R.: First Encounter Assault Recon,True,1,True,True,Action,True,Unknown,True,72,0.18,17.95,PlayStation 3,T,2007,11.87,10.07,8.42
Short,Folklore,True,1,True,True,Action,True,Sony,True,75,0.18,24.95,PlayStation 3,E,2007,41.13,24.12,13.1
Short,Juiced 2: Hot Import Nights,True,1,True,True,Racing / Driving,True,THQ,True,71,0.18,17.95,PlayStation 3,T,2007,-100.0,17.35,15.0
Short,The Elder Scrolls IV: Shivering Isles,True,1,True,True,Action,True,Unknown,True,86,0.18,24.95,X360,E,2007,52.87,17.93,10.0
Short,NHL 08,True,7,True,True,Sports,True,EA,True,86,0.17,9.95,PlayStation 3,T,2007,-100.0,-100.0,17.5
Short,Rayman Raving Rabbids,True,4,True,True,Action,True,Ubisoft,True,67,0.17,16.95,X360,M,2007,8.1,8.13,6.0
Short,Warriors Orochi,True,2,True,True,Action,True,Unknown,True,53,0.17,19.95,X360,E,2007,42.0,9.38,10.25
Average,Luminous Arc,True,1,True,True,Role-Playing (RPG),True,Unknown,True,70,0.17,24.95,Nintendo DS,T,2007,55.73,24.53,21.75
Average,Picross DS,True,1,True,True,Strategy,True,Nintendo,True,83,0.17,17.95,Nintendo DS,E,2007,60.0,50.0,38.35
Short,Harry Potter and the Order of the Phoenix,True,1,True,True,Action,True,EA,True,67,0.17,17.95,PlayStation 3,E,2007,15.0,10.0,10.0
Short,The BIGS,True,4,True,True,Action,True,2K,True,80,0.16,22.95,PlayStation 3,T,2007,46.68,-100.0,0.53
Short,Stuntman: Ignition,True,4,True,True,Action,True,THQ,True,76,0.16,16.95,PlayStation 3,E,2007,15.0,6.33,5.27
Short,Mortal Kombat: Armageddon,True,4,True,True,Action,True,Midway,True,71,0.16,24.95,Nintendo Wii,E,2007,27.5,12.32,8.0
Short,Def Jam: Icon,True,2,True,True,Action,True,EA,True,68,0.16,16.95,PlayStation 3,E,2007,-100.0,-100.0,8.0
Short,Soulcalibur Legends,True,2,True,True,Action,True,Namco,True,52,0.16,16.95,Nintendo Wii,E,2007,-100.0,4.87,10.48
Short,Surf's Up,True,2,True,True,Sports,True,Ubisoft,True,64,0.16,16.95,Nintendo Wii,T,2007,-100.0,-100.0,1.28
Short,Planet Puzzle League,True,1,True,True,Strategy,True,Nintendo,True,86,0.16,17.95,Nintendo DS,E,2007,-100.0,-100.0,0.32
Short,DiRT,True,1,True,True,Racing / Driving,True,Unknown,True,83,0.16,17.95,PlayStation 3,E,2007,38.0,14.0,12.88
Short,TMNT,True,1,True,True,Action,True,Ubisoft,True,60,0.16,17.95,Nintendo Wii,E,2007,5.0,5.75,4.75
Short,Soldier of Fortune: Payback,True,1,True,True,Action,True,Activision,True,50,0.16,13.95,X360,M,2007,-100.0,7.0,3.0
Average,Dynasty Warriors: Gundam,True,2,True,True,Action,True,Namco,True,60,0.15,22.95,PlayStation 3,E,2007,101.0,47.5,37.07
Short,Disney Pirates of the Caribbean: At World's End,True,2,True,True,Action,True,Disney,True,55,0.15,14.95,PlayStation 3,M,2007,31.9,12.47,5.92
Short,Bee Movie Game,True,2,True,True,Action,True,Activision,True,71,0.15,12.95,X360,T,2007,6.0,5.27,5.92
Average,Dynasty Warriors: Gundam,True,2,True,True,Action,True,Namco,True,55,0.15,22.95,X360,M,2007,101.0,47.5,37.07
Short,Golden Axe,True,2,True,True,Action,True,Sega,True,45,0.15,14.95,X360,M,2007,1.5,1.08,0.75
Short,Dementium: The Ward,True,1,True,True,Action,True,Unknown,True,72,0.15,17.95,Nintendo DS,M,2007,3.5,-100.0,4.0
Short,Rondo of Swords,True,1,True,True,Role-Playing (RPG),True,Unknown,True,69,0.15,19.95,Nintendo DS,E,2007,36.5,17.0,17.35
Long,Disgaea: Afternoon of Darkness,True,1,True,True,Role-Playing (RPG),True,Unknown,True,87,0.15,17.95,Sony PSP,M,2007,150.72,99.53,40.8
Short,Dragon Quest Swords: The Masked Queen and the T...,True,1,True,True,Action,True,SquareEnix,True,65,0.15,16.95,Nintendo Wii,T,2007,11.32,13.0,8.5
Short,Call of Juarez,True,1,True,True,Action,True,Ubisoft,True,71,0.15,14.95,X360,E,2007,9.83,9.0,8.0
Average,Eternal Sonata,True,1,True,True,Role-Playing (RPG),True,Namco,True,79,0.15,27.95,X360,M,2007,60.77,39.45,30.0
Short,Kingdom Under Fire: Circle of Doom,True,1,True,True,Action,True,Microsoft,True,55,0.15,14.95,X360,E,2007,119.0,76.0,9.0
Short,Vampire Rain,True,1,True,True,Action,True,Microsoft,True,38,0.15,11.95,X360,T,2007,-100.0,-100.0,10.5
Short,All-Pro Football 2K8,True,6,True,True,Sports,True,2K,True,73,0.14,9.95,PlayStation 3,T,2007,-100.0,-100.0,12.0
Short,Conan,True,1,True,True,Action,True,THQ,True,69,0.14,17.95,PlayStation 3,E,2007,16.5,8.75,6.0
Short,Conan,True,1,True,True,Action,True,THQ,True,69,0.14,14.95,X360,E,2007,16.5,8.75,6.0
Short,Spider-Man: Friend or Foe,True,2,True,True,Action,True,Activision,True,59,0.13,17.95,Nintendo Wii,T,2007,16.4,6.82,8.0
Short,Thrillville: Off the Rails,True,4,True,True,Simulation,True,Unknown,True,73,0.12,17.95,X360,E,2007,10.75,32.0,8.5
Short,Geometry Wars: Galaxies,True,1,True,True,Action,True,Unknown,True,79,0.12,14.95,Nintendo DS,T,2007,-100.0,27.0,10.0
Short,Rayman Raving Rabbids,True,1,True,True,Action,True,Ubisoft,True,56,0.12,17.95,Nintendo DS,M,2007,8.1,8.13,6.0
Short,Beowulf: The Game,True,1,True,True,Action,True,Ubisoft,True,51,0.12,12.95,PlayStation 3,T,2007,-100.0,8.08,10.5
Short,The Golden Compass,True,1,True,True,Action,True,Sega,True,40,0.12,12.95,PlayStation 3,M,2007,-100.0,16.5,6.98
Short,Scarface: The World is Yours,True,1,True,True,Action,True,Unknown,True,71,0.12,22.95,Nintendo Wii,M,2007,28.0,23.07,17.13
Short,Geometry Wars: Galaxies,True,2,True,True,Action,True,Unknown,True,80,0.11,16.95,Nintendo Wii,T,2007,-100.0,27.0,10.0
Short,Final Fantasy: Crystal Chronicles - Echoes of Time,True,1,True,True,Action,True,SquareEnix,True,75,0.11,24.95,Nintendo DS,T,2007,27.0,22.97,15.7
Short,MX vs. ATV Untamed,True,1,True,True,Racing / Driving,True,THQ,True,61,0.11,17.95,Nintendo DS,E,2007,-100.0,-100.0,12.0
Short,WWE SmackDown vs. Raw 2008,True,1,True,True,Sports,True,THQ,True,61,0.11,14.95,Nintendo DS,T,2007,50.5,30.9,10.0
Short,The BIGS,True,1,True,True,Action,True,2K,True,72,0.11,16.95,Sony PSP,M,2007,46.68,-100.0,0.53
Average,Brave Story: New Traveler,True,1,True,True,Role-Playing (RPG),True,Unknown,True,76,0.11,17.95,Sony PSP,T,2007,26.0,26.87,23.83
Short,WipEout Pulse,True,1,True,True,Action,True,Sony,True,82,0.11,16.95,Sony PSP,T,2007,10.0,9.75,7.0
Short,TimeShift,True,1,True,True,Action,True,Unknown,True,70,0.11,16.95,PlayStation 3,M,2007,9.0,10.0,8.4
Short,Beautiful Katamari,True,1,True,True,Action,True,Namco,True,73,0.11,17.95,X360,M,2007,100.0,8.0,6.0
Short,Hour of Victory,True,1,True,True,Action,True,Midway,True,37,0.11,12.95,X360,M,2007,-100.0,7.0,5.32
Short,Fantastic Four: Rise of the Silver Surfer,True,4,True,True,Action,True,2K,True,47,0.1,14.95,PlayStation 3,M,2007,-100.0,10.0,5.75
Short,7 Wonders of the Ancient World,True,1,True,True,Strategy,True,Unknown,True,60,0.1,17.95,Nintendo DS,T,2007,-100.0,-100.0,4.85
Short,Draglade,True,1,True,True,Action,True,Unknown,True,71,0.1,16.95,Nintendo DS,M,2007,-100.0,7.57,4.07
Short,Final Fantasy Fables: Chocobo Tales,True,1,True,True,Action,True,SquareEnix,True,75,0.1,17.95,Nintendo DS,M,2007,22.95,12.0,9.38
Short,The Golden Compass,True,1,True,True,Action,True,Sega,True,28,0.1,14.95,Sony PSP,E,2007,-100.0,16.5,6.98
Short,Harry Potter and the Order of the Phoenix,True,1,True,True,Action,True,EA,True,52,0.1,16.95,Sony PSP,E,2007,15.0,10.0,10.0
Short,Surf's Up,True,4,True,True,Sports,True,Ubisoft,True,61,0.09,17.95,X360,E,2007,-100.0,-100.0,1.28
Short,Blazing Angels 2: Secret Missions of WWII,True,2,True,True,Action,True,Ubisoft,True,72,0.09,16.95,X360,M,2007,-100.0,16.0,10.0
Short,The Settlers,True,1,True,True,Strategy,True,Ubisoft,True,39,0.09,17.95,Nintendo DS,T,2007,13.0,4.83,3.75
Short,Shrek the Third,True,1,True,True,Action,True,Activision,True,57,0.09,22.95,Sony PSP,T,2007,5.5,7.0,4.0
Short,Ratatouille,True,1,True,True,Action,True,THQ,True,55,0.09,17.95,PlayStation 3,T,2007,15.0,26.75,10.0
Short,Soldier of Fortune: Payback,True,1,True,True,Action,True,Activision,True,50,0.09,14.95,PlayStation 3,E,2007,-100.0,7.0,3.0
Short,Heatseeker,True,1,True,True,Action,True,Unknown,True,62,0.09,17.95,Nintendo Wii,T,2007,-100.0,-100.0,9.75
Short,Fantastic Four: Rise of the Silver Surfer,True,4,True,True,Action,True,2K,True,45,0.08,14.95,X360,E,2007,-100.0,10.0,5.75
Short,Blazing Angels 2: Secret Missions of WWII,True,2,True,True,Action,True,Ubisoft,True,70,0.08,22.95,PlayStation 3,T,2007,-100.0,16.0,10.0
Short,Cake Mania,True,1,True,True,Action,True,Unknown,True,55,0.08,16.95,Nintendo DS,M,2007,6.42,-100.0,5.33
Short,Touch Detective 2 1/2,True,1,True,True,Adventure,True,Unknown,True,67,0.08,14.95,Nintendo DS,T,2007,7.35,8.35,5.65
Short,7 Wonders of the Ancient World,True,1,True,True,Strategy,True,Unknown,True,51,0.08,17.95,Sony PSP,E,2007,-100.0,-100.0,4.85
Short,Crush,True,1,True,True,Action,True,Sega,True,83,0.08,16.95,Sony PSP,E,2007,9.5,7.67,5.8
Average,Test Drive Unlimited,True,1,True,True,Racing / Driving,True,Atari,True,80,0.08,17.95,Sony PSP,M,2007,100.0,50.0,30.0
Short,Thrillville: Off the Rails,True,1,True,True,Simulation,True,Unknown,True,72,0.08,16.95,Sony PSP,T,2007,10.75,32.0,8.5
Short,Looney Tunes: Acme Arsenal,True,4,True,True,Action,True,Unknown,True,40,0.07,17.95,X360,M,2007,-100.0,-100.0,3.15
Short,Worms: Open Warfare 2,True,1,True,True,Action,True,THQ,True,81,0.07,17.95,Nintendo DS,E,2007,10.0,-100.0,8.25
Short,Alien Syndrome,True,1,True,True,Action,True,Sega,True,51,0.07,12.95,Sony PSP,E,2007,2.25,-100.0,3.05
Short,BlackSite: Area 51,True,1,True,True,Action,True,Midway,True,56,0.07,17.95,PlayStation 3,E,2007,6.8,6.0,5.53
Short,Code Lyoko: Quest for Infinity,True,1,True,True,Action,True,Unknown,True,58,0.07,17.95,Nintendo Wii,T,2007,-100.0,-100.0,5.8
Short,FlatOut: Ultimate Carnage,True,1,True,True,Racing / Driving,True,Unknown,True,80,0.07,16.95,X360,E,2007,40.8,24.0,14.5
Short,Zoids Assault,True,1,True,True,Role-Playing (RPG),True,Unknown,True,46,0.07,17.95,X360,M,2007,13.1,-100.0,11.0
Short,Alien Syndrome,True,4,True,True,Action,True,Sega,True,48,0.06,12.95,Nintendo Wii,E,2007,2.25,-100.0,3.05
Short,Heroes of Mana,True,1,True,True,Strategy,True,SquareEnix,True,66,0.06,24.95,Nintendo DS,T,2007,37.0,-100.0,17.03
Short,Myst,True,1,True,True,Adventure,True,Midway,True,43,0.06,24.95,Nintendo DS,E,2007,8.72,9.0,6.07
Short,Coded Arms: Contagion,True,1,True,True,Action,True,Konami,True,56,0.06,14.95,Sony PSP,E,2007,-100.0,-100.0,10.0
Short,F.E.A.R. Files,True,1,True,True,Action,True,Unknown,True,66,0.06,17.95,X360,E,2007,-100.0,12.25,10.0
Short,Ontamarama,True,1,True,True,Action,True,Unknown,True,71,0.05,17.95,Nintendo DS,M,2007,-100.0,-100.0,1.0
Short,Retro Game Challenge,True,1,True,True,Action,True,Namco,True,77,0.05,17.95,Nintendo DS,T,2007,20.0,10.33,9.75
Short,Ultimate Mortal Kombat 3,True,1,True,True,Action,True,Midway,True,73,0.05,23.95,Nintendo DS,E,2007,8.0,6.0,1.0
Short,Juiced 2: Hot Import Nights,True,1,True,True,Racing / Driving,True,THQ,True,73,0.05,16.95,Sony PSP,E,2007,-100.0,17.35,15.0
Short,Pursuit Force: Extreme Justice,True,1,True,True,Action,True,Sony,True,73,0.05,14.95,Sony PSP,E,2007,-100.0,11.0,8.0
Short,Medal of Honor: Vanguard,True,1,True,True,Action,True,EA,True,56,0.05,17.95,Nintendo Wii,T,2007,-100.0,-100.0,3.63
Short,Worms: Open Warfare 2,True,4,True,True,Action,True,THQ,True,80,0.04,17.95,Sony PSP,T,2007,10.0,-100.0,8.25
Short,Surf's Up,True,4,True,True,Sports,True,Ubisoft,True,59,0.04,17.95,PlayStation 3,E,2007,-100.0,-100.0,1.28
Short,Fantastic Four: Rise of the Silver Surfer,True,4,True,True,Action,True,2K,True,39,0.04,12.95,Nintendo Wii,E,2007,-100.0,10.0,5.75
Short,Brothers in Arms DS,True,1,True,True,Action,True,Ubisoft,True,72,0.04,17.95,Nintendo DS,E,2007,-100.0,9.0,5.0
Short,Fantastic Four: Rise of the Silver Surfer,True,1,True,True,Action,True,2K,True,35,0.04,14.95,Nintendo DS,E,2007,-100.0,10.0,5.75
Short,Heatseeker,True,1,True,True,Action,True,Unknown,True,49,0.04,12.95,Sony PSP,T,2007,-100.0,-100.0,9.75
Short,Manhunt 2,True,1,True,True,Action,True,Rockstar,True,69,0.04,7.95,Sony PSP,T,2007,21.18,14.0,8.57
Short,Escape from Bug Island,True,1,True,True,Action,True,Eidos,True,37,0.04,14.95,Nintendo Wii,T,2007,-100.0,11.37,5.38
Short,Cabela's Big Game Hunter,True,1,True,True,Simulation,True,Activision,True,51,0.04,19.95,X360,E,2007,-100.0,4.75,4.0
Short,Guilty Gear XX ? Core,True,2,True,True,Action,True,Unknown,True,75,0.03,24.95,Nintendo Wii,E,2007,-100.0,-100.0,2.0
Short,Code Lyoko,True,1,True,True,Action,True,Unknown,True,63,0.03,11.95,Nintendo DS,T,2007,-100.0,10.15,6.52
Short,Orcs & Elves,True,1,True,True,Action,True,EA,True,68,0.03,14.95,Nintendo DS,T,2007,6.5,-100.0,4.67
Short,Dead Head Fred,True,1,True,True,Action,True,Unknown,True,75,0.03,12.95,Sony PSP,E,2007,-100.0,11.8,8.0
Short,Hot Pixel,True,1,True,True,Action,True,Atari,True,55,0.03,8.95,Sony PSP,T,2007,-100.0,1.0,0.45
Average,The Legend of Heroes III: Song of the Ocean,True,1,True,True,Role-Playing (RPG),True,Namco,True,58,0.03,17.95,Sony PSP,T,2007,65.0,-100.0,35.0
Short,Bionicle Heroes,True,1,True,True,Action,True,Eidos,True,52,0.03,17.95,Nintendo Wii,T,2007,18.33,24.0,9.75
Short,Burnout Dominator,True,4,True,True,Action,True,EA,True,76,0.02,17.95,Sony PSP,T,2007,21.5,18.37,14.0
Short,Samurai Warriors 2: Empires,True,2,True,True,Action,True,Unknown,True,53,0.02,19.95,X360,E,2007,18.0,12.5,8.0
Average,Dragoneer's Aria,True,1,True,True,Role-Playing (RPG),True,Unknown,True,56,0.02,24.95,Sony PSP,E,2007,-100.0,-100.0,37.63
Average,R-Type Command,True,1,True,True,Strategy,True,Unknown,True,69,0.02,14.95,Sony PSP,M,2007,-100.0,39.45,24.37
Short,Virtua Tennis 3,True,1,True,True,Sports,True,Sega,True,79,0.02,16.95,Sony PSP,M,2007,-100.0,15.0,17.0
Short,Virtua Tennis 3,True,4,True,True,Sports,True,Sega,True,80,0.01,14.95,X360,T,2007,-100.0,15.0,17.0
Average,Front Mission,True,1,True,True,Strategy,True,SquareEnix,True,72,0.01,17.95,Nintendo DS,E,2007,-100.0,-100.0,20.3
Short,Nervous Brickdown,True,1,True,True,Action,True,Unknown,True,70,0.01,17.95,Nintendo DS,E,2007,-100.0,-100.0,8.0
Average,Puzzle Quest: Challenge of the Warlords,True,1,True,True,Role-Playing (RPG),True,Unknown,True,84,0.01,17.95,Sony PSP,T,2007,56.0,40.5,35.0
Short,Driver: Parallel Lines,True,1,True,True,Action,True,Ubisoft,True,59,0.01,24.95,Nintendo Wii,E,2007,-100.0,12.3,10.6
Short,Mario Kart Wii,True,4,True,True,Racing / Driving,True,Nintendo,True,82,12.39,29.95,Nintendo Wii,T,2008,17.0,10.0,5.0
Average,Grand Theft Auto IV,True,1,True,True,Action,True,Rockstar,True,98,5.76,24.95,X360,E,2008,80.0,40.0,28.0
Short,Super Smash Bros.: Brawl,True,6,True,True,Action,True,Nintendo,True,93,5.71,39.95,Nintendo Wii,T,2008,135.0,52.62,10.0
Short,Call of Duty: World at War,True,4,True,True,Action,True,Activision,True,84,4.58,29.95,X360,E,2008,15.0,10.0,8.0
Average,Grand Theft Auto IV,True,1,True,True,Action,True,Rockstar,True,98,3.91,24.95,PlayStation 3,E,2008,80.0,40.0,28.0
Short,Gears of War 2,True,2,True,True,Action,True,Microsoft,True,93,3.9,24.95,X360,E,2008,110.0,12.0,10.0
Average,Pokmon: Platinum Version,True,1,True,True,Adventure,True,Nintendo,True,83,2.86,27.95,Nintendo DS,T,2008,198.0,67.72,35.0
Short,Metal Gear Solid 4: Guns of the Patriots,True,1,True,True,Action,True,Konami,True,94,2.58,22.95,PlayStation 3,T,2008,27.0,20.65,18.17
Short,Fable II,True,1,True,True,Role-Playing (RPG),True,Microsoft,True,89,2.55,17.95,X360,E,2008,53.37,23.4,12.0
Short,Call of Duty: World at War,True,4,True,True,Action,True,Activision,True,85,2.5300000000000002,29.95,PlayStation 3,T,2008,15.0,10.0,8.0
Short,Guitar Hero: World Tour,True,4,True,True,Action,True,Activision,True,86,2.47,17.95,Nintendo Wii,T,2008,21.0,20.0,8.0
Short,LittleBigPlanet,True,4,True,True,Action,True,Sony,True,95,2.46,24.95,PlayStation 3,T,2008,38.0,15.0,9.0
Average,Fallout 3,True,1,True,True,Action,True,Unknown,True,93,2.44,17.95,X360,T,2008,112.32,54.0,22.0
Short,LEGO Indiana Jones: The Original Adventures,True,2,True,True,Action,True,Unknown,True,77,2.42,9.95,X360,M,2008,24.02,15.0,10.0
Short,Left 4 Dead,True,2,True,True,Action,True,Unknown,True,89,2.39,19.95,X360,M,2008,59.58,14.0,6.52
Short,Madden NFL 09,True,4,True,True,Sports,True,EA,True,83,2.33,14.95,X360,T,2008,19.03,-100.0,10.0
Short,Kung Fu Panda,True,4,True,True,Action,True,Activision,True,75,2.04,9.95,X360,E,2008,13.5,7.0,5.0
Short,Rock Band 2,True,4,True,True,Action,True,Unknown,True,92,1.85,19.95,X360,E,2008,295.87,20.0,9.0
Short,Sega Superstars Tennis,True,4,True,True,Sports,True,Sega,True,67,1.8399999999999999,9.95,X360,E,2008,-100.0,8.58,8.0
Short,Guitar Hero: World Tour,True,4,True,True,Action,True,Activision,True,85,1.78,16.95,X360,T,2008,21.0,20.0,8.0
Long,Animal Crossing: City Folk,True,1,True,True,Simulation,True,Nintendo,True,73,1.78,29.95,Nintendo Wii,T,2008,617.42,200.0,62.0
Short,Mario & Sonic at the Olympic Games,True,1,True,True,Action,True,"Nintendo,Sega",True,70,1.74,24.95,Nintendo DS,T,2008,10.0,9.58,7.0
Short,Madden NFL 09,True,4,True,True,Sports,True,EA,True,85,1.6600000000000001,14.95,PlayStation 3,E,2008,19.03,-100.0,10.0
Short,LEGO Batman: The Videogame,True,2,True,True,Action,True,Unknown,True,76,1.6400000000000001,14.95,X360,T,2008,29.0,16.0,9.43
Short,Tom Clancy's Rainbow Six: Vegas 2,True,2,True,True,Action,True,Ubisoft,True,82,1.6099999999999999,16.95,X360,M,2008,12.0,12.65,9.0
Short,Kirby Super Star Ultra,True,1,True,True,Action,True,Nintendo,True,76,1.6,24.95,Nintendo DS,M,2008,11.02,10.0,4.75
Short,Star Wars: The Force Unleashed,True,1,True,True,Action,True,Unknown,True,73,1.5899999999999999,16.95,X360,T,2008,11.33,7.0,5.0
Short,God of War: Chains of Olympus,True,1,True,True,Action,True,Sony,True,91,1.54,17.95,Sony PSP,T,2008,8.67,6.0,5.47
Average,Fallout 3,True,1,True,True,Action,True,Unknown,True,90,1.48,17.95,PlayStation 3,M,2008,112.32,54.0,22.0
Short,Pure,True,1,True,True,Racing / Driving,True,Disney,True,85,1.43,12.95,X360,T,2008,13.0,14.0,8.5
Short,LEGO Indiana Jones: The Original Adventures,True,2,True,True,Action,True,Unknown,True,78,1.42,16.95,Nintendo Wii,E,2008,24.02,15.0,10.0
Short,Rock Band,True,2,True,True,Action,True,Unknown,True,92,1.4,17.95,Nintendo Wii,T,2008,42.0,26.37,7.75
Short,LEGO Batman: The Videogame,True,1,True,True,Action,True,Unknown,True,72,1.3900000000000001,17.95,Nintendo DS,T,2008,29.0,16.0,9.43
Short,Saints Row 2,True,1,True,True,Action,True,THQ,True,81,1.3900000000000001,17.95,X360,E,2008,54.0,28.53,20.0
Short,LEGO Batman: The Videogame,True,2,True,True,Action,True,Unknown,True,74,1.32,17.95,Nintendo Wii,E,2008,29.0,16.0,9.43
Short,Call of Duty: World at War,True,2,True,True,Action,True,Activision,True,83,1.17,29.95,Nintendo Wii,M,2008,15.0,10.0,8.0
Average,Midnight Club: Los Angeles,True,1,True,True,Racing / Driving,True,Rockstar,True,81,1.15,22.95,X360,E,2008,35.0,34.0,23.62
Short,Mortal Kombat vs. DC Universe,True,2,True,True,Action,True,Midway,True,76,1.13,24.95,PlayStation 3,E,2008,-100.0,6.87,3.0
Short,Army of Two,True,2,True,True,Action,True,EA,True,72,1.12,16.95,X360,T,2008,-100.0,7.03,6.72
Short,Resistance 2,True,2,True,True,Action,True,Sony,True,87,1.11,24.95,PlayStation 3,E,2008,15.25,11.87,10.0
Short,Rock Band 2,True,1,True,True,Action,True,Unknown,True,91,1.11,24.95,PlayStation 3,E,2008,295.87,20.0,9.0
Average,Midnight Club: Los Angeles,True,1,True,True,Racing / Driving,True,Rockstar,True,82,1.09,22.95,PlayStation 3,M,2008,35.0,34.0,23.62
Short,Sonic Unleashed,True,1,True,True,Action,True,Sega,True,66,1.09,17.95,Nintendo Wii,E,2008,17.35,13.25,13.0
Short,Guitar Hero: World Tour,True,4,True,True,Action,True,Activision,True,84,1.04,17.95,PlayStation 3,E,2008,21.0,20.0,8.0
Short,Guitar Hero: Aerosmith,True,1,True,True,Action,True,Activision,True,73,1.03,14.95,Nintendo Wii,E,2008,68.02,17.2,4.93
Short,Star Wars: The Force Unleashed,True,2,True,True,Action,True,Unknown,True,71,1.01,14.95,Nintendo Wii,E,2008,11.33,7.0,5.0
Short,Burnout Paradise,True,1,True,True,Action,True,EA,True,87,1.01,17.95,PlayStation 3,T,2008,50.0,25.0,14.0
Average,Pokmon Ranger: Shadows of Almia,True,1,True,True,Action,True,Nintendo,True,68,0.99,24.95,Nintendo DS,T,2008,35.0,26.35,22.0
Short,Mortal Kombat vs. DC Universe,True,2,True,True,Action,True,Midway,True,72,0.98,24.95,X360,M,2008,-100.0,6.87,3.0
Short,Dead Space,True,1,True,True,Action,True,EA,True,88,0.96,17.95,PlayStation 3,M,2008,20.0,12.42,11.37
Short,Star Wars: The Force Unleashed,True,1,True,True,Action,True,Unknown,True,71,0.92,17.95,PlayStation 3,E,2008,11.33,7.0,5.0
Short,Guitar Hero: Aerosmith,True,2,True,True,Action,True,Activision,True,70,0.91,9.95,X360,E,2008,68.02,17.2,4.93
Short,SOCOM: U.S. Navy SEALs - Confrontation,True,1,True,True,Action,True,Sony,True,63,0.91,16.95,PlayStation 3,E,2008,-100.0,-100.0,10.0
Short,SoulCalibur IV,True,2,True,True,Action,True,Namco,True,85,0.87,19.95,X360,E,2008,33.0,10.0,2.25
Short,Battlefield: Bad Company,True,1,True,True,Action,True,EA,True,83,0.8300000000000001,16.95,X360,E,2008,14.0,9.0,6.73
Short,Saints Row 2,True,1,True,True,Action,True,THQ,True,82,0.81,17.95,PlayStation 3,M,2008,54.0,28.53,20.0
Short,Guitar Hero: On Tour - Decades,True,1,True,True,Action,True,Activision,True,72,0.8,17.95,Nintendo DS,T,2008,20.0,-100.0,1.83
Short,Devil May Cry 4,True,1,True,True,Action,True,Capcom,True,84,0.8,17.95,X360,T,2008,44.0,14.0,11.0
Short,Mystery Case Files: MillionHeir,True,1,True,True,Adventure,True,Nintendo,True,65,0.76,17.95,Nintendo DS,T,2008,-100.0,7.0,8.58
Short,Battlefield: Bad Company,True,1,True,True,Action,True,EA,True,84,0.76,17.95,PlayStation 3,T,2008,14.0,9.0,6.73
Short,Army of Two,True,2,True,True,Action,True,EA,True,74,0.75,16.95,PlayStation 3,T,2008,-100.0,7.03,6.72
Short,The House of the Dead 2 & 3 Return,True,2,True,True,Action,True,Sega,True,66,0.74,17.95,Nintendo Wii,M,2008,15.5,-100.0,2.0
Short,Far Cry 2,True,1,True,True,Action,True,Ubisoft,True,85,0.73,19.95,X360,T,2008,39.32,26.0,17.0
Short,Boom Blox,True,4,True,True,Action,True,EA,True,85,0.72,24.95,Nintendo Wii,T,2008,-100.0,7.5,4.0
Short,Madden NFL 09,True,4,True,True,Sports,True,EA,True,68,0.68,14.95,Sony PSP,T,2008,19.03,-100.0,10.0
Short,MLB 08: The Show,True,2,True,True,Sports,True,Sony,True,85,0.67,12.95,PlayStation 3,E,2008,-100.0,-100.0,10.0
Short,Tom Clancy's Rainbow Six: Vegas 2,True,2,True,True,Action,True,Ubisoft,True,81,0.67,24.95,PlayStation 3,E,2008,12.0,12.65,9.0
Short,Mercenaries 2: World in Flames,True,1,True,True,Action,True,EA,True,72,0.66,14.95,X360,E,2008,30.0,24.5,18.0
Short,Need for Speed: Undercover,True,1,True,True,Racing / Driving,True,EA,True,64,0.66,17.95,X360,E,2008,14.5,13.0,11.0
Short,Guitar Hero: Aerosmith,True,2,True,True,Action,True,Activision,True,70,0.65,14.95,PlayStation 3,M,2008,68.02,17.2,4.93
Short,SoulCalibur IV,True,2,True,True,Action,True,"Namco,Ubisoft",True,85,0.65,22.95,PlayStation 3,E,2008,33.0,10.0,2.25
Average,Valkyria Chronicles,True,1,True,True,Action,True,Sega,True,86,0.65,24.95,PlayStation 3,T,2008,53.07,38.0,31.1
Average,Harvest Moon: Tree of Tranquility,True,1,True,True,Role-Playing (RPG),True,Unknown,True,65,0.62,34.95,Nintendo Wii,M,2008,-100.0,78.0,29.58
Short,Star Wars: The Clone Wars - Jedi Alliance,True,1,True,True,Action,True,Unknown,True,68,0.6000000000000001,17.95,Nintendo DS,T,2008,-100.0,-100.0,5.0
Short,Need for Speed: Undercover,True,1,True,True,Racing / Driving,True,EA,True,59,0.59,17.95,PlayStation 3,E,2008,14.5,13.0,11.0
Short,Wario Land: Shake It!,True,1,True,True,Action,True,Nintendo,True,78,0.59,19.95,Nintendo Wii,T,2008,18.0,10.7,6.0
Short,Kung Fu Panda,True,1,True,True,Action,True,Activision,True,71,0.56,17.95,Nintendo DS,E,2008,13.5,7.0,5.0
Short,Devil May Cry 4,True,1,True,True,Action,True,Capcom,True,84,0.56,19.95,PlayStation 3,T,2008,44.0,14.0,11.0
Short,Tom Clancy's EndWar,True,1,True,True,Strategy,True,Ubisoft,True,77,0.56,16.95,X360,E,2008,-100.0,39.0,8.87
Short,LEGO Batman: The Videogame,True,1,True,True,Action,True,Unknown,True,73,0.54,17.95,Sony PSP,M,2008,29.0,16.0,9.43
Short,BioShock,True,1,True,True,Action,True,2K,True,94,0.53,17.95,PlayStation 3,E,2008,20.0,15.0,12.0
Short,Bully: Scholarship Edition,True,1,True,True,Action,True,Rockstar,True,80,0.53,17.95,X360,T,2008,26.0,18.0,13.2
Short,Prince of Persia,True,1,True,True,Action,True,Ubisoft,True,81,0.53,16.95,X360,T,2008,17.0,15.0,11.83
Short,Kung Fu Panda,True,4,True,True,Action,True,Activision,True,70,0.52,16.95,Nintendo Wii,E,2008,13.5,7.0,5.0
Short,Sonic Chronicles: The Dark Brotherhood,True,1,True,True,Action,True,Sega,True,74,0.52,17.95,Nintendo DS,E,2008,39.17,20.0,12.0
Average,Chrono Trigger,True,2,True,True,Role-Playing (RPG),True,SquareEnix,True,92,0.51,17.95,Nintendo DS,T,2008,45.0,25.13,23.0
Short,Tomb Raider: Underworld,True,1,True,True,Action,True,Eidos,True,76,0.51,17.95,X360,E,2008,19.0,12.0,10.0
Short,The Legendary Starfy,True,1,True,True,Action,True,Nintendo,True,75,0.5,24.95,Nintendo DS,E,2008,20.25,8.65,8.5
Short,Mirror's Edge,True,1,True,True,Action,True,EA,True,79,0.5,14.95,X360,T,2008,10.0,8.0,6.0
Short,Haze,True,2,True,True,Action,True,Ubisoft,True,55,0.49,12.95,PlayStation 3,T,2008,22.77,6.0,6.92
Average,Dissidia: Final Fantasy,True,1,True,True,Action,True,SquareEnix,True,79,0.49,17.95,Sony PSP,T,2008,109.47,63.67,30.0
Short,Sid Meier's Civilization: Revolution,True,1,True,True,Strategy,True,2K,True,84,0.49,24.95,X360,T,2008,42.0,17.8,3.87
Short,Wall-E,True,4,True,True,Action,True,THQ,True,51,0.48,17.95,Nintendo Wii,E,2008,6.0,14.0,6.72
Short,Prince of Persia,True,1,True,True,Action,True,Ubisoft,True,85,0.48,17.95,PlayStation 3,T,2008,17.0,15.0,11.83
Short,NHL 09 ,True,1,True,True,Sports,True,EA,True,88,0.48,14.95,X360,E,2008,40.0,-100.0,20.0
Short,Brothers in Arms: Hell's Highway,True,1,True,True,Action,True,Ubisoft,True,76,0.47000000000000003,17.95,X360,E,2008,15.5,9.0,8.0
Short,Turok,True,1,True,True,Action,True,Unknown,True,69,0.47000000000000003,14.95,X360,E,2008,10.0,7.03,7.0
Short,Iron Man,True,1,True,True,Action,True,Sega,True,44,0.46,16.95,Sony PSP,E,2008,8.0,5.08,4.37
Short,De Blob,True,4,True,True,Action,True,THQ,True,82,0.45,16.95,Nintendo Wii,M,2008,25.0,11.15,8.42
Short,Sonic Riders: Zero Gravity,True,4,True,True,Racing / Driving,True,Sega,True,56,0.45,16.95,Nintendo Wii,T,2008,9.5,6.28,3.07
Short,Rhythm Heaven,True,1,True,True,Action,True,Nintendo,True,83,0.45,24.95,Nintendo DS,T,2008,20.35,8.72,4.45
Short,Tomb Raider: Underworld,True,1,True,True,Action,True,Eidos,True,75,0.44,17.95,PlayStation 3,T,2008,19.0,12.0,10.0
Short,Advance Wars: Days of Ruin,True,4,True,True,Strategy,True,Nintendo,True,86,0.43,17.95,Nintendo DS,E,2008,90.0,33.0,18.08
Short,LEGO Batman: The Videogame,True,2,True,True,Action,True,Unknown,True,75,0.43,17.95,PlayStation 3,E,2008,29.0,16.0,9.43
Short,Far Cry 2,True,1,True,True,Action,True,Ubisoft,True,85,0.43,19.95,PlayStation 3,T,2008,39.32,26.0,17.0
Short,Brothers in Arms: Hell's Highway,True,1,True,True,Action,True,Ubisoft,True,76,0.42,19.95,PlayStation 3,T,2008,15.5,9.0,8.0
Short,Sonic Unleashed,True,1,True,True,Action,True,Sega,True,54,0.42,17.95,PlayStation 3,T,2008,17.35,13.25,13.0
Short,Pinball Hall of Fame: The Williams Collection,True,1,True,True,Simulation,True,Unknown,True,82,0.41000000000000003,17.95,Nintendo Wii,T,2008,35.0,-100.0,20.0
Short,Sonic Unleashed,True,1,True,True,Action,True,Sega,True,60,0.41000000000000003,17.95,X360,E,2008,17.35,13.25,13.0
Short,Samba de Amigo,True,2,True,True,Action,True,Sega,True,68,0.4,12.95,Nintendo Wii,T,2008,-100.0,-100.0,8.0
Average,?kami,True,1,True,True,Action,True,Capcom,True,90,0.39,17.95,Nintendo Wii,M,2008,55.1,43.8,36.83
Short,LEGO Indiana Jones: The Original Adventures,True,2,True,True,Action,True,Unknown,True,77,0.38,17.95,PlayStation 3,E,2008,24.02,15.0,10.0
Average,MotorStorm: Pacific Rift,True,4,True,True,Action,True,Sony,True,82,0.37,29.95,PlayStation 3,T,2008,120.0,36.0,24.0
Short,Sid Meier's Civilization: Revolution,True,1,True,True,Simulation,True,2K,True,80,0.36,17.95,Nintendo DS,M,2008,42.0,17.8,3.87
Short,Pure,True,1,True,True,Racing / Driving,True,Disney,True,83,0.36,17.95,PlayStation 3,M,2008,13.0,14.0,8.5
Short,Turok,True,1,True,True,Action,True,Unknown,True,67,0.36,16.95,PlayStation 3,M,2008,10.0,7.03,7.0
Short,Crash: Mind over Mutant,True,1,True,True,Action,True,Unknown,True,70,0.36,17.95,Nintendo Wii,E,2008,5.6,9.03,5.48
Short,Spider-Man: Web of Shadows,True,1,True,True,Action,True,Activision,True,68,0.36,19.95,X360,E,2008,19.63,12.0,11.0
Short,Frontlines: Fuel of War,True,1,True,True,Action,True,THQ,True,75,0.35000000000000003,14.95,X360,M,2008,-100.0,8.02,5.25
Average,GRID,True,1,True,True,Racing / Driving,True,Unknown,True,87,0.35000000000000003,19.95,X360,E,2008,37.4,24.75,22.0
Short,Too Human,True,1,True,True,Action,True,Microsoft,True,65,0.35000000000000003,14.95,X360,T,2008,119.0,19.5,12.98
Short,LEGO Indiana Jones: The Original Adventures,True,1,True,True,Action,True,Unknown,True,76,0.34,17.95,Sony PSP,E,2008,24.02,15.0,10.0
Short,SEGA Bass Fishing,True,1,True,True,Sports,True,Sega,True,59,0.34,17.95,Nintendo Wii,E,2008,14.08,7.0,3.33
Short,The Chronicles of Narnia: Prince Caspian,True,2,True,True,Action,True,Disney,True,63,0.33,16.95,Nintendo Wii,M,2008,11.65,-100.0,14.0
Short,Iron Man,True,1,True,True,Action,True,Sega,True,56,0.33,14.95,Nintendo DS,M,2008,8.0,5.08,4.37
Short,MLB 08: The Show,True,1,True,True,Sports,True,Sony,True,83,0.33,14.95,Sony PSP,M,2008,-100.0,-100.0,10.0
Short,Iron Man,True,1,True,True,Action,True,Sega,True,42,0.33,17.95,PlayStation 3,T,2008,8.0,5.08,4.37
Short,Madagascar: Escape 2 Africa,True,1,True,True,Action,True,Activision,True,55,0.32,17.95,Nintendo DS,T,2008,-100.0,7.0,6.0
Average,GRID,True,1,True,True,Racing / Driving,True,Unknown,True,87,0.31,24.95,PlayStation 3,T,2008,37.4,24.75,22.0
Short,NHL 09,True,1,True,True,Sports,True,EA,True,88,0.31,19.95,PlayStation 3,M,2008,40.0,-100.0,20.0
Short,Banjo-Kazooie: Nuts & Bolts,True,1,True,True,Action,True,Microsoft,True,79,0.31,17.95,X360,E,2008,43.3,21.0,15.9
Short,Patapon,True,1,True,True,Action,True,Sony,True,86,0.30000000000000004,17.95,Sony PSP,T,2008,32.55,27.08,15.0
Short,Iron Man,True,1,True,True,Action,True,Sega,True,44,0.30000000000000004,17.95,Nintendo Wii,T,2008,8.0,5.08,4.37
Short,Sega Superstars Tennis,True,1,True,True,Sports,True,Sega,True,65,0.29,14.95,Nintendo DS,T,2008,-100.0,8.58,8.0
Short,Lost Planet: Extreme Condition,True,1,True,True,Action,True,Capcom,True,67,0.29,16.95,PlayStation 3,T,2008,9.7,9.4,8.48
Short,Mirror's Edge,True,1,True,True,Action,True,EA,True,79,0.29,14.95,PlayStation 3,T,2008,10.0,8.0,6.0
Short,Condemned 2: Bloodshot,True,1,True,True,Action,True,Sega,True,80,0.29,14.95,X360,T,2008,35.0,12.0,8.9
Short,Sega Superstars Tennis,True,4,True,True,Sports,True,Sega,True,71,0.28,12.95,Nintendo Wii,E,2008,-100.0,8.58,8.0
Average,Viva Pi$?ata: Pocket Paradise,True,1,True,True,Simulation,True,THQ,True,82,0.28,17.95,Nintendo DS,T,2008,-100.0,-100.0,21.0
Short,Tom Clancy's EndWar,True,1,True,True,Strategy,True,Ubisoft,True,76,0.28,17.95,PlayStation 3,M,2008,-100.0,39.0,8.87
Short,Iron Man,True,1,True,True,Action,True,Sega,True,45,0.28,17.95,X360,M,2008,8.0,5.08,4.37
Short,Need for Speed: Undercover,True,4,True,True,Racing / Driving,True,EA,True,54,0.27,27.95,Nintendo Wii,E,2008,14.5,13.0,11.0
Short,Wall-E,True,4,True,True,Action,True,THQ,True,50,0.27,14.95,X360,E,2008,6.0,14.0,6.72
Average,Spectrobes: Beyond the Portals,True,1,True,True,Action,True,Disney,True,70,0.27,11.95,Nintendo DS,M,2008,-100.0,36.23,24.27
Short,MX vs. ATV Untamed,True,1,True,True,Educational,True,Ubisoft,True,59,0.27,16.95,Sony PSP,T,2008,-100.0,-100.0,12.0
Short,Mercenaries 2: World in Flames,True,1,True,True,Action,True,EA,True,72,0.27,15.95,PlayStation 3,E,2008,30.0,24.5,18.0
Average,Infinite Undiscovery,True,1,True,True,Action,True,SquareEnix,True,68,0.27,17.95,X360,T,2008,150.0,40.2,22.3
Short,TNA iMPACT!,True,4,True,True,Sports,True,Midway,True,62,0.26,14.95,X360,M,2008,45.17,32.93,8.05
Short,Enemy Territory: Quake Wars,True,1,True,True,Action,True,Activision,True,69,0.26,14.95,X360,T,2008,-100.0,8.92,6.75
Short,Fire Emblem: Shadow Dragon,True,1,True,True,Role-Playing (RPG),True,Nintendo,True,81,0.25,19.95,Nintendo DS,M,2008,34.5,24.3,20.0
Short,Neopets Puzzle Adventure,True,1,True,True,Adventure,True,Capcom,True,70,0.25,17.95,Nintendo DS,T,2008,-100.0,-100.0,3.0
Long,Tales of Vesperia,True,1,True,True,Adventure,True,Namco,True,79,0.25,27.95,X360,M,2008,192.5,70.15,49.0
Short,Dragon Ball Z: Burst Limit,True,2,True,True,Action,True,"Atari,Namco",True,72,0.24,17.95,X360,E,2008,-100.0,25.0,5.58
Short,Apollo Justice: Ace Attorney,True,1,True,True,Adventure,True,Capcom,True,78,0.24,24.95,Nintendo DS,T,2008,20.0,21.03,19.7
Short,Castlevania: Order of Ecclesia,True,1,True,True,Action,True,Konami,True,85,0.24,24.95,Nintendo DS,T,2008,21.6,13.98,11.0
Short,Mega Man Star Force 2: Zerker X Ninja,True,1,True,True,Action,True,Capcom,True,55,0.24,17.95,Nintendo DS,T,2008,24.0,20.42,19.25
Short,Enemy Territory: Quake Wars,True,1,True,True,Action,True,Activision,True,60,0.24,16.95,PlayStation 3,T,2008,-100.0,8.92,6.75
Short,Turning Point: Fall of Liberty,True,1,True,True,Action,True,Unknown,True,43,0.24,7.95,X360,M,2008,5.22,3.22,5.0
Short,Unreal Tournament III,True,2,True,True,Action,True,Midway,True,82,0.23,14.95,X360,M,2008,23.5,16.32,10.5
Short,Dark Sector,True,1,True,True,Action,True,Unknown,True,72,0.23,14.95,PlayStation 3,T,2008,21.0,10.0,8.3
Long,The Last Remnant,True,1,True,True,Role-Playing (RPG),True,SquareEnix,True,66,0.23,14.95,X360,T,2008,150.0,75.0,63.0
Short,Dragon Ball Z: Burst Limit,True,2,True,True,Action,True,"Atari,Namco",True,71,0.22,19.95,PlayStation 3,M,2008,-100.0,25.0,5.58
Short,Turning Point: Fall of Liberty,True,1,True,True,Action,True,Unknown,True,42,0.22,7.95,PlayStation 3,T,2008,5.22,3.22,5.0
Short,MX vs. ATV Untamed,True,1,True,True,Racing / Driving,True,THQ,True,70,0.22,24.95,Nintendo Wii,E,2008,-100.0,-100.0,12.0
Short,Crash: Mind over Mutant,True,1,True,True,Action,True,Unknown,True,60,0.22,24.95,X360,M,2008,5.6,9.03,5.48
Short,Silent Hill: Homecoming,True,1,True,True,Action,True,Konami,True,70,0.22,17.95,X360,T,2008,12.87,10.82,9.0
Short,TNA iMPACT!,True,4,True,True,Sports,True,Midway,True,64,0.21,12.95,PlayStation 3,M,2008,45.17,32.93,8.05
Short,Kung Fu Panda,True,1,True,True,Action,True,Activision,True,76,0.21,19.95,PlayStation 3,M,2008,13.5,7.0,5.0
Short,Dark Sector,True,1,True,True,Action,True,Unknown,True,72,0.21,13.95,X360,M,2008,21.0,10.0,8.3
Average,Tales of Symphonia: Dawn of the New World,True,4,True,True,Role-Playing (RPG),True,Namco,True,68,0.2,24.95,Nintendo Wii,T,2008,100.03,42.0,32.5
Short,Valkyrie Profile: Covenant of the Plume,True,1,True,True,Role-Playing (RPG),True,SquareEnix,True,74,0.2,24.95,Nintendo DS,M,2008,50.25,32.05,15.9
Short,Spider-Man: Web of Shadows,True,1,True,True,Action,True,Activision,True,67,0.2,24.95,PlayStation 3,E,2008,19.63,12.0,11.0
Short,AC/DC Live: Rock Band - Track Pack,True,4,True,True,Action,True,Unknown,True,63,0.19,14.95,X360,M,2008,-100.0,-100.0,3.93
Short,The Chronicles of Narnia: Prince Caspian,True,1,True,True,Role-Playing (RPG),True,Disney,True,54,0.19,10.95,Nintendo DS,M,2008,11.65,-100.0,14.0
Short,AC/DC Live: Rock Band - Track Pack,True,1,True,True,Action,True,Unknown,True,60,0.19,14.95,PlayStation 3,E,2008,-100.0,-100.0,3.93
Average,Harvest Moon: Magical Melody,True,4,True,True,Role-Playing (RPG),True,Unknown,True,69,0.18,23.95,Nintendo Wii,T,2008,-100.0,45.0,30.0
Short,Dynasty Warriors 6,True,2,True,True,Action,True,Unknown,True,59,0.18,24.95,PlayStation 3,M,2008,-100.0,46.0,15.75
Short,Order Up!,True,1,True,True,Action,True,Unknown,True,76,0.18,17.95,Nintendo Wii,T,2008,-100.0,7.92,6.0
Short,LocoRoco 2,True,1,True,True,Action,True,Sony,True,85,0.17,11.95,Sony PSP,M,2008,110.2,9.0,7.0
Average,Star Ocean: First Departure,True,1,True,True,Action,True,SquareEnix,True,74,0.17,17.95,Sony PSP,T,2008,44.58,24.68,20.5
Short,Lost: Via Domus,True,1,True,True,Action,True,Ubisoft,True,54,0.17,16.95,PlayStation 3,T,2008,6.0,5.33,5.37
Short,Tetris Party,True,4,True,True,Strategy,True,Unknown,True,75,0.16,24.95,Nintendo Wii,T,2008,-100.0,-100.0,2.0
Short,Bully: Scholarship Edition,True,2,True,True,Action,True,Rockstar,True,83,0.16,17.95,Nintendo Wii,E,2008,26.0,18.0,13.2
Short,The Spiderwick Chronicles,True,2,True,True,Action,True,Unknown,True,62,0.16,16.95,Nintendo Wii,M,2008,-100.0,8.0,4.0
Short,Dynasty Warriors 6,True,2,True,True,Action,True,Unknown,True,60,0.16,24.95,X360,M,2008,-100.0,46.0,15.75
Short,Ninja Gaiden: Dragon Sword,True,1,True,True,Action,True,Unknown,True,83,0.16,12.95,Nintendo DS,E,2008,-100.0,6.35,5.33
Short,Condemned 2: Bloodshot,True,1,True,True,Action,True,Sega,True,82,0.16,14.95,PlayStation 3,T,2008,35.0,12.0,8.9
Short,Silent Hill: Homecoming,True,1,True,True,Action,True,Konami,True,71,0.16,17.95,PlayStation 3,E,2008,12.87,10.82,9.0
Short,Command & Conquer: Red Alert 3,True,1,True,True,Strategy,True,EA,True,77,0.16,14.95,X360,T,2008,43.35,19.45,10.5
Short,Viking: Battle for Asgard,True,1,True,True,Action,True,Sega,True,68,0.16,14.95,X360,M,2008,22.0,16.43,12.0
Short,Bomberman,True,1,True,True,Action,True,Unknown,True,73,0.15,12.95,Sony PSP,M,2008,-100.0,-100.0,3.2
Short,Ferrari Challenge Trofeo Pirelli,True,1,True,True,Racing / Driving,True,Unknown,True,71,0.15,17.95,PlayStation 3,E,2008,48.0,-100.0,16.0
Short,Command & Conquer 3: Kane's Wrath,True,1,True,True,Strategy,True,EA,True,75,0.15,17.95,X360,M,2008,-100.0,11.53,8.1
Short,Lost: Via Domus,True,1,True,True,Action,True,Ubisoft,True,55,0.15,17.95,X360,M,2008,6.0,5.33,5.37
Average,Eternal Sonata,True,2,True,True,Role-Playing (RPG),True,Namco,True,80,0.14,24.95,PlayStation 3,M,2008,60.77,39.45,30.0
Long,Viva Pi$?ata: Trouble in Paradise,True,2,True,True,Racing / Driving,True,Microsoft,True,82,0.14,17.95,X360,T,2008,18.77,20.0,70.0
Short,FlatOut: Head On,True,1,True,True,Racing / Driving,True,Unknown,True,74,0.14,9.95,Sony PSP,E,2008,40.8,24.0,14.5
Short,Viking: Battle for Asgard,True,1,True,True,Action,True,Sega,True,65,0.14,16.95,PlayStation 3,M,2008,22.0,16.43,12.0
Short,Neopets Puzzle Adventure,True,1,True,True,Role-Playing (RPG),True,Capcom,True,52,0.14,14.95,Nintendo Wii,E,2008,-100.0,-100.0,3.0
Short,TNA iMPACT!,True,1,True,True,Sports,True,Midway,True,43,0.14,14.95,Nintendo Wii,E,2008,45.17,32.93,8.05
Short,Tomb Raider: Underworld,True,1,True,True,Action,True,Eidos,True,70,0.14,17.95,Nintendo Wii,T,2008,19.0,12.0,10.0
Short,The Club,True,4,True,True,Action,True,Sega,True,76,0.13,14.95,X360,T,2008,20.0,8.0,4.5
Short,The Chronicles of Narnia: Prince Caspian,True,2,True,True,Action,True,Disney,True,56,0.13,14.95,X360,M,2008,11.65,-100.0,14.0
Short,Dark Messiah of Might and Magic: Elements,True,1,True,True,Action,True,Ubisoft,True,52,0.13,17.95,X360,T,2008,20.0,13.0,10.0
Short,Fracture,True,1,True,True,Action,True,Unknown,True,63,0.13,14.95,X360,T,2008,-100.0,8.53,7.0
Short,Mushroom Men: The Spore Wars,True,2,True,True,Action,True,Unknown,True,72,0.12,17.95,Nintendo Wii,E,2008,-100.0,7.67,3.0
Average,Dragon Quest V: Hand of the Heavenly Bride,True,1,True,True,Role-Playing (RPG),True,SquareEnix,True,84,0.12,29.95,Nintendo DS,T,2008,44.87,36.32,30.0
Short,Ninjatown,True,1,True,True,Strategy,True,Unknown,True,80,0.12,19.95,Nintendo DS,T,2008,15.5,20.0,14.0
Short,Super Dodgeball Brawlers,True,1,True,True,Action,True,Unknown,True,65,0.12,19.95,Nintendo DS,T,2008,-100.0,-100.0,0.68
Average,Dokapon Kingdom,True,1,True,True,Role-Playing (RPG),True,Unknown,True,72,0.12,17.95,Nintendo Wii,M,2008,-100.0,-100.0,25.0
Short,Alone in the Dark,True,1,True,True,Action,True,Atari,True,58,0.12,14.95,X360,M,2008,8.5,-100.0,6.0
Short,Sega Superstars Tennis,True,4,True,True,Sports,True,Sega,True,67,0.11,16.95,PlayStation 3,M,2008,-100.0,8.58,8.0
Short,Destroy All Humans! Big Willy Unleashed,True,2,True,True,Adventure,True,THQ,True,53,0.11,17.95,Nintendo Wii,T,2008,-100.0,-100.0,4.5
Short,The Club,True,4,True,True,Action,True,Sega,True,72,0.1,14.95,PlayStation 3,M,2008,20.0,8.0,4.5
Short,Madagascar: Escape 2 Africa,True,4,True,True,Action,True,Activision,True,58,0.1,24.95,PlayStation 3,M,2008,-100.0,7.0,6.0
Short,Madagascar: Escape 2 Africa,True,4,True,True,Action,True,Activision,True,62,0.1,19.95,X360,T,2008,-100.0,7.0,6.0
Average,Avalon Code,True,1,True,True,Action,True,Unknown,True,71,0.1,27.95,Nintendo DS,M,2008,52.5,-100.0,21.97
Long,Disgaea DS,True,1,True,True,Role-Playing (RPG),True,Unknown,True,82,0.1,24.95,Nintendo DS,M,2008,123.12,70.53,42.72
Short,Syberia,True,1,True,True,Adventure,True,Unknown,True,52,0.1,23.95,Nintendo DS,T,2008,12.0,11.37,9.75
Average,Afrika,True,1,True,True,Adventure,True,Sony,True,63,0.1,47.95,PlayStation 3,T,2008,30.87,-100.0,24.0
Short,ObsCure: The Aftermath,True,1,True,True,Action,True,Unknown,True,53,0.1,16.95,Nintendo Wii,T,2008,6.5,7.33,7.77
Short,Pinball Hall of Fame: The Williams Collection,True,4,True,True,Simulation,True,Unknown,True,78,0.09,17.95,Sony PSP,T,2008,35.0,-100.0,20.0
Short,Wall-E,True,4,True,True,Action,True,THQ,True,51,0.09,17.95,PlayStation 3,M,2008,6.0,14.0,6.72
Short,Ninja Reflex,True,4,True,True,Action,True,EA,True,49,0.09,14.95,Nintendo Wii,E,2008,3.67,-100.0,4.0
Short,Conflict: Denied Ops,True,4,True,True,Action,True,Eidos,True,52,0.09,12.95,X360,T,2008,-100.0,12.25,5.58
Short,Blitz: The League II,True,2,True,True,Action,True,Midway,True,62,0.09,14.95,PlayStation 3,M,2008,-100.0,-100.0,20.0
Short,Castlevania Judgment,True,2,True,True,Action,True,Konami,True,49,0.09,17.95,Nintendo Wii,T,2008,-100.0,-100.0,6.0
Short,Death Jr. II: Root of Evil,True,2,True,True,Action,True,Eidos,True,71,0.09,17.95,Nintendo Wii,E,2008,-100.0,13.38,6.02
Short,Raiden IV,True,2,True,True,Action,True,Unknown,True,63,0.09,32.95,X360,T,2008,-100.0,-100.0,0.8300000000000001
Short,Metal Slug 7,True,1,True,True,Action,True,Unknown,True,70,0.09,17.95,Nintendo DS,M,2008,-100.0,-100.0,0.98
Short,Spider-Man: Web of Shadows,True,1,True,True,Action,True,Activision,True,77,0.09,15.95,Nintendo DS,E,2008,19.63,12.0,11.0
Short,Trauma Center: Under The Knife 2,True,1,True,True,Action,True,Unknown,True,79,0.09,19.95,Nintendo DS,T,2008,-100.0,-100.0,10.53
Short,Fracture,True,1,True,True,Action,True,Unknown,True,62,0.09,14.95,PlayStation 3,M,2008,-100.0,8.53,7.0
Short,Alone in the Dark,True,1,True,True,Action,True,Atari,True,39,0.09,14.95,Nintendo Wii,T,2008,8.5,-100.0,6.0
Average,Final Fantasy Fables: Chocobo's Dungeon,True,1,True,True,Action,True,SquareEnix,True,76,0.09,17.95,Nintendo Wii,M,2008,38.65,31.88,21.17
Short,Klonoa: Door to Phantomile,True,1,True,True,Action,True,Namco,True,77,0.09,17.95,Nintendo Wii,T,2008,4.75,5.23,4.0
Short,Dragon Ball: Origins,True,1,True,True,Action,True,Atari,True,78,0.08,15.95,Nintendo DS,M,2008,-100.0,13.0,10.52
Short,Ninja Reflex,True,1,True,True,Action,True,EA,True,54,0.08,12.95,Nintendo DS,T,2008,3.67,-100.0,4.0
Short,Space Bust-A-Move,True,1,True,True,Strategy,True,SquareEnix,True,71,0.08,17.95,Nintendo DS,M,2008,7.03,-100.0,1.0
Short,FIFA Street 3,True,4,True,True,Sports,True,EA,True,63,0.07,14.95,X360,T,2008,-100.0,8.0,5.0
Short,Blitz: The League II,True,2,True,True,Action,True,Midway,True,68,0.07,12.95,X360,M,2008,-100.0,-100.0,20.0
Short,The Spiderwick Chronicles,True,2,True,True,Action,True,Unknown,True,59,0.07,14.95,X360,E,2008,-100.0,8.0,4.0
Long,Etrian Odyssey II: Heroes of Lagaard,True,1,True,True,Role-Playing (RPG),True,Unknown,True,82,0.07,24.95,Nintendo DS,T,2008,72.0,67.45,45.0
Short,Legendary,True,1,True,True,Action,True,Atari,True,47,0.07,17.95,X360,T,2008,6.92,6.5,5.0
Short,Universe at War: Earth Assault,True,1,True,True,Action,True,Sega,True,66,0.07,14.95,X360,T,2008,-100.0,-100.0,16.0
Short,Code Lyoko: Fall of X.A.N.A,True,1,True,True,Action,True,Unknown,True,51,0.06,14.95,Nintendo DS,M,2008,-100.0,-100.0,15.15
Average,Knights in the Nightmare,True,1,True,True,Role-Playing (RPG),True,Unknown,True,76,0.06,29.95,Nintendo DS,M,2008,-100.0,31.0,28.55
Short,Lock's Quest,True,1,True,True,Action,True,THQ,True,80,0.06,14.95,Nintendo DS,E,2008,-100.0,15.0,15.0
Short,N+,True,1,True,True,Action,True,Atari,True,82,0.06,14.95,Nintendo DS,M,2008,18.0,-100.0,16.5
Short,The Spiderwick Chronicles,True,1,True,True,Role-Playing (RPG),True,Unknown,True,60,0.06,12.95,Nintendo DS,E,2008,-100.0,8.0,4.0
Short,Summon Night: Twin Age,True,1,True,True,Role-Playing (RPG),True,Unknown,True,73,0.06,24.95,Nintendo DS,E,2008,24.0,14.98,15.0
Long,Wild Arms XF,True,1,True,True,Role-Playing (RPG),True,Unknown,True,64,0.06,17.95,Sony PSP,M,2008,77.48,55.0,50.9
Short,FIFA Street 3,True,1,True,True,Sports,True,EA,True,63,0.06,17.95,PlayStation 3,T,2008,-100.0,8.0,5.0
Short,Harvey Birdman: Attorney at Law,True,1,True,True,Adventure,True,Capcom,True,60,0.06,14.95,Nintendo Wii,M,2008,7.07,-100.0,3.75
Short,Conflict: Denied Ops,True,4,True,True,Action,True,Eidos,True,51,0.05,17.95,PlayStation 3,E,2008,-100.0,12.25,5.58
Short,Overlord: Raising Hell,True,2,True,True,Action,True,Unknown,True,72,0.05,17.95,PlayStation 3,T,2008,37.0,11.75,8.5
Short,Battle Fantasia,True,2,True,True,Action,True,Unknown,True,71,0.05,22.95,X360,M,2008,-100.0,-100.0,1.05
Short,Bangai-O Spirits,True,1,True,True,Action,True,Unknown,True,83,0.05,14.95,Nintendo DS,M,2008,20.0,11.0,8.0
Short,Dungeon Explorer: Warriors of Ancient Arts,True,1,True,True,Action,True,Unknown,True,60,0.05,17.95,Nintendo DS,M,2008,-100.0,-100.0,7.83
Short,From the Abyss,True,1,True,True,Action,True,Unknown,True,60,0.05,19.95,Nintendo DS,T,2008,19.0,-100.0,5.13
Short,Soul Bubbles,True,1,True,True,Strategy,True,Eidos,True,78,0.05,14.95,Nintendo DS,T,2008,9.15,9.0,6.0
Short,Harvey Birdman: Attorney at Law,True,1,True,True,Adventure,True,Capcom,True,62,0.05,14.95,Sony PSP,M,2008,7.07,-100.0,3.75
Short,Secret Agent Clank,True,1,True,True,Action,True,Sony,True,72,0.05,23.95,Sony PSP,M,2008,-100.0,8.0,7.5
Short,Armored Core: For Answer,True,1,True,True,Action,True,Ubisoft,True,62,0.05,29.95,PlayStation 3,M,2008,272.5,18.5,9.93
Short,Legendary,True,1,True,True,Action,True,Atari,True,50,0.05,19.95,PlayStation 3,E,2008,6.92,6.5,5.0
Short,Agatha Christie: Evil Under the Sun,True,1,True,True,Adventure,True,Unknown,True,46,0.05,17.95,Nintendo Wii,M,2008,6.0,-100.0,9.25
Short,Agatha Christie: And Then There Were None,True,1,True,True,Adventure,True,Unknown,True,50,0.05,17.95,Nintendo Wii,M,2008,9.5,-100.0,7.5
Short,Armored Core: For Answer,True,1,True,True,Action,True,Ubisoft,True,64,0.05,24.95,X360,T,2008,272.5,18.5,9.93
Average,The Dark Spire,True,1,True,True,Adventure,True,Unknown,True,69,0.04,24.95,Nintendo DS,T,2008,50.0,76.82,27.92
Short,"Flower, Sun and Rain",True,1,True,True,Adventure,True,Unknown,True,54,0.04,23.95,Nintendo DS,M,2008,7.5,8.82,8.0
Short,Insecticide,True,1,True,True,Action,True,Unknown,True,55,0.04,12.95,Nintendo DS,T,2008,-100.0,2.6,3.7
Short,Izuna 2: The Unemployed Ninja Returns,True,1,True,True,Role-Playing (RPG),True,Unknown,True,65,0.04,17.95,Nintendo DS,E,2008,-100.0,-100.0,13.25
Short,Looney Tunes: Cartoon Conductor,True,1,True,True,Action,True,Eidos,True,67,0.04,13.95,Nintendo DS,M,2008,5.5,-100.0,4.0
Short,Nanostray 2,True,1,True,True,Action,True,Unknown,True,75,0.04,12.95,Nintendo DS,M,2008,-100.0,-100.0,3.0
Short,Vampire Rain,True,1,True,True,Action,True,Unknown,True,30,0.04,24.95,PlayStation 3,E,2008,-100.0,-100.0,10.5
Short,Baroque,True,1,True,True,Action,True,Unknown,True,50,0.04,19.95,Nintendo Wii,T,2008,-100.0,-100.0,7.78
Short,Supreme Commander,True,1,True,True,Strategy,True,Unknown,True,56,0.04,17.95,X360,T,2008,42.25,25.85,19.0
Short,Assassin's Creed: Altar's Chronicles,True,1,True,True,Action,True,Ubisoft,True,58,0.03,11.95,Nintendo DS,T,2008,5.0,4.5,5.0
Short,The Legend of Kage 2,True,1,True,True,Action,True,SquareEnix,True,70,0.03,14.95,Nintendo DS,E,2008,-100.0,-100.0,3.33
Short,Rhapsody: A Musical Adventure,True,1,True,True,Role-Playing (RPG),True,Unknown,True,67,0.03,12.95,Nintendo DS,M,2008,12.87,12.5,9.13
Short,Secret Files: Tunguska,True,1,True,True,Adventure,True,Unknown,True,71,0.03,17.95,Nintendo DS,M,2008,12.0,11.5,8.72
Short,Secret Files: Tunguska,True,2,True,True,Adventure,True,Unknown,True,64,0.02,17.95,Nintendo Wii,M,2008,12.0,11.5,8.72
