Length,Title,Max Players,Multiplatform,Online,Genres,Licensed,Comp_Time_Main,Review Score,Year,Publishers
Short,Wii Play,2,True,True,Action,True,4.0,58,2006,Nintendo
Short,New Super Mario Bros.,1,True,True,Action,True,7.0,89,2006,Nintendo
Long,Pokmon Diamond,1,True,True,Role-Playing (RPG),True,41.92,85,2006,Nintendo
Long,Pokmon Pearl,1,True,True,Role-Playing (RPG),True,41.92,85,2006,Nintendo
Short,Gears of War,2,True,True,Action,True,9.0,94,2006,Microsoft
Average,The Legend of Zelda: Twilight Princess,1,True,True,Action,True,37.0,95,2006,Nintendo
Short,Cooking Mama,1,True,True,Simulation,True,7.0,67,2006,Unknown
Short,Marvel Ultimate Alliance,4,True,True,Action,True,12.37,82,2006,Activision
Short,Daxter,1,True,True,Action,True,7.57,85,2006,Sony
Average,The Elder Scrolls IV: Oblivion,1,True,True,Action,True,24.0,94,2006,2K
Short,Grand Theft Auto: Vice City Stories,1,True,True,Action,True,16.3,86,2006,Rockstar
Short,Resistance: Fall of Man,4,True,True,Action,True,12.0,86,2006,Sony
Short,MotorStorm,1,True,True,Action,True,15.0,82,2006,Sony
Short,Call of Duty 3,2,True,True,Action,True,8.0,82,2006,Activision
Short,Yoshi's Island DS,1,True,True,Action,True,9.17,81,2006,Nintendo
Short,Tom Clancy's Ghost Recon: Advanced Warfighter,4,True,True,Action,True,8.75,90,2006,Ubisoft
Short,Fight Night Round 3,2,True,True,Action,True,11.0,86,2006,EA
Short,Pokmon Ranger,1,True,True,Role-Playing (RPG),True,12.57,69,2006,Nintendo
Short,Rayman Raving Rabbids,4,True,True,Action,True,6.0,76,2006,Ubisoft
Short,Saints Row,1,True,True,Action,True,17.0,81,2006,THQ
Short,Tom Clancy's Rainbow Six: Vegas,2,True,True,Action,True,9.0,88,2006,Ubisoft
Short,Dead Rising,1,True,True,Action,True,10.53,85,2006,Capcom
Short,Call of Duty 3,1,True,True,Action,True,8.0,69,2006,Activision
Short,Lost Planet: Extreme Condition,1,True,True,Action,True,8.48,79,2006,Capcom
Short,Mario Hoops 3 on 3,1,True,True,Sports,True,3.5,69,2006,Nintendo
Short,LEGO Star Wars II: The Original Trilogy,1,True,True,Action,True,12.0,47,2006,EA
Short,Super Monkey Ball: Banana Blitz,4,True,True,Action,True,5.4,74,2006,Sega
Short,Need for Speed: Carbon - Own the City,1,True,True,Racing / Driving,True,15.72,73,2006,EA
Short,WarioWare: Smooth Moves,6,True,True,Action,True,2.5,83,2006,Nintendo
Short,Fight Night Round 3,2,True,True,Action,True,11.0,83,2006,EA
Average,Final Fantasy III,1,True,True,Role-Playing (RPG),True,25.9,77,2006,SquareEnix
Short,Kirby: Squeak Squad,1,True,True,Action,True,4.0,71,2006,Nintendo
Short,Pokmon Battle Revolution,4,True,True,Action,True,13.0,53,2006,Nintendo
Short,Medal of Honor: Heroes,1,True,True,Action,True,5.0,71,2006,EA
Short,Tekken: Dark Resurrection,1,True,True,Action,True,2.37,88,2006,"Namco,Sony"
Short,Need for Speed: Carbon,2,True,True,Racing / Driving,True,13.0,77,2006,EA
Short,Mario vs. Donkey Kong 2: March of the Minis,1,True,True,Action,True,4.32,76,2006,Nintendo
Short,Sonic Rivals,1,True,True,Action,True,6.0,64,2006,Sega
Short,Mortal Kombat: Unchained,2,True,True,Action,True,1.75,70,2006,Midway
Short,Tom Clancy's Splinter Cell: Double Agent,1,True,True,Action,True,11.0,85,2006,Ubisoft
Short,Tetris DS,1,True,True,Strategy,True,17.0,84,2006,Nintendo
Short,LEGO Star Wars II: The Original Trilogy,2,True,True,Action,True,12.0,83,2006,Unknown
Short,Red Steel,4,True,True,Action,True,8.25,63,2006,Ubisoft
Short,Metroid Prime: Hunters,1,True,True,Action,True,8.63,85,2006,Nintendo
Short,LEGO Star Wars II: The Original Trilogy,2,True,True,Action,True,12.0,81,2006,Unknown
Short,NBA 2K7 ,1,True,True,Sports,True,8.18,84,2006,2K
Short,Call of Duty 3,1,True,True,Action,True,8.0,80,2006,Activision
Short,SpongeBob SquarePants: The Yellow Avenger,1,True,True,Action,True,8.0,48,2006,THQ
Short,Fight Night Round 3,2,True,True,Action,True,11.0,74,2006,EA
Short,Need for Speed: Carbon,2,True,True,Racing / Driving,True,13.0,75,2006,EA
Short,Need for Speed: Carbon,2,True,True,Racing / Driving,True,13.0,67,2006,EA
Short,WWE SmackDown vs. Raw 2007,4,True,True,Sports,True,9.0,81,2006,THQ
Short,Tiger Woods PGA Tour 07,1,True,True,Sports,True,10.0,80,2006,EA
Short,Viva Pi$?ata,4,True,True,Simulation,True,19.0,84,2006,Microsoft
Short,SpongeBob Squarepants: Creature from the Krusty Krab,1,True,True,Action,True,5.33,57,2006,THQ
Short,Tony Hawk's Project 8,2,True,True,Sports,True,17.0,68,2006,Activision
Short,Tony Hawk's Project 8,2,True,True,Sports,True,17.0,81,2006,Activision
Short,Excite Truck,2,True,True,Racing / Driving,True,7.0,72,2006,Nintendo
Long,Harvest Moon DS,1,True,True,Role-Playing (RPG),True,45.13,67,2006,Unknown
Short,Star Fox Command,1,True,True,Action,True,3.0,76,2006,Nintendo
Short,Metal Gear Solid: Portable Ops,1,True,True,Action,True,11.58,87,2006,Konami
Short,Marvel Ultimate Alliance,4,True,True,Action,True,12.37,73,2006,Activision
Short,WWE SmackDown vs. Raw 2007,4,True,True,Sports,True,9.0,78,2006,THQ
Short,Marvel Ultimate Alliance,1,True,True,Action,True,12.37,81,2006,Activision
Short,Marvel Ultimate Alliance,4,True,True,Action,True,12.37,78,2006,Activision
Short,Tiger Woods PGA Tour 07,4,True,True,Sports,True,10.0,81,2006,EA
Short,Ace Combat X: Skies of Deception,1,True,True,Action,True,3.75,75,2006,Namco
Short,Killzone: Liberation,1,True,True,Action,True,7.9,77,2006,Sony
Short,F.E.A.R.: First Encounter Assault Recon,1,True,True,Action,True,8.42,85,2006,Unknown
Short,NBA 2K7,7,True,True,Sports,True,8.18,80,2006,2K
Short,Tony Hawk's Project 8,2,True,True,Sports,True,17.0,76,2006,Activision
Short,Avatar: The Last Airbender,1,True,True,Action,True,6.0,64,2006,THQ
Short,Castlevania: Portrait of Ruin,1,True,True,Action,True,10.53,85,2006,Konami
Short,Hitman: Blood Money,1,True,True,Action,True,12.0,82,2006,Eidos
Short,Rockstar Games presents Table Tennis,2,True,True,Sports,True,6.0,81,2006,Rockstar
Short,Trauma Center: Second Opinion,1,True,True,Action,True,8.5,80,2006,Nintendo
Average,Tenchu Z,1,True,True,Action,True,20.88,56,2006,Microsoft
Short,Elite Beat Agents,1,True,True,Action,True,4.0,87,2006,Nintendo
Short,Street Fighter Alpha 3 MAX,1,True,True,Action,True,2.0,80,2006,Capcom
Long,Blue Dragon,1,True,True,Role-Playing (RPG),True,46.03,79,2006,Microsoft
Short,The Lord of the Rings: The Battle for Middle Ea...,1,True,True,Strategy,True,14.5,79,2006,EA
Short,Prey,1,True,True,Action,True,7.95,79,2006,2K
Short,Over the Hedge,1,True,True,Adventure,True,2.0,71,2006,Activision
Short,Pirates of the Caribbean: Dead Man's Chest,1,True,True,Action,True,2.08,52,2006,Unknown
Short,NHL 07 ,1,True,True,Sports,True,10.0,79,2006,EA
Long,Monster Hunter Freedom,1,True,True,Action,True,60.0,71,2006,Capcom
Short,Chromehounds,1,True,True,Action,True,10.0,71,2006,Sega
Average,Test Drive Unlimited,1,True,True,Racing / Driving,True,30.0,82,2006,Atari
Short,Dragon Ball Z: Budokai Tenkaichi 2,2,True,True,Action,True,10.0,72,2006,Atari
Average,Dragon Quest Monsters: Joker,1,True,True,Role-Playing (RPG),True,37.3,75,2006,SquareEnix
Short,Pirates of the Caribbean: Dead Man's Chest,1,True,True,Action,True,2.08,63,2006,Unknown
Short,Syphon Filter: Dark Mirror,1,True,True,Action,True,7.0,87,2006,Sony
Short,Ridge Racer 7,2,True,True,Racing / Driving,True,10.0,78,2006,"Namco,Sony"
Short,The Outfit,2,True,True,Action,True,8.0,70,2006,THQ
Short,Elebits,4,True,True,Action,True,9.0,75,2006,Konami
Short,Tiger Woods PGA Tour 07,1,True,True,Sports,True,10.0,78,2006,EA
Short,The Godfather: The Game,1,True,True,Action,True,15.0,77,2006,EA
Short,Rampage: Total Destruction,4,True,True,Action,True,5.0,46,2006,Midway
Short,Far Cry: Instincts - Predator,4,True,True,Action,True,14.98,78,2006,Ubisoft
Short,Full Auto,2,True,True,Action,True,5.0,70,2006,Sega
Long,Age of Empires: The Age of Kings,1,True,True,Strategy,True,46.0,80,2006,Unknown
Short,Need for Speed: Carbon - Own the City,1,True,True,Action,True,15.72,70,2006,EA
Short,Brothers in Arms: D-Day,1,True,True,Action,True,8.0,65,2006,Ubisoft
Short,Family Guy Video Game!,1,True,True,Action,True,5.88,51,2006,2K
Short,Superman Returns,1,True,True,Action,True,7.0,51,2006,EA
Average,Mystery Dungeon: Shiren the Wanderer,1,True,True,Action,True,22.0,69,2006,Sega
Short,Phoenix Wright: Ace Attorney - Justice for All,1,True,True,Adventure,True,17.5,76,2006,Capcom
Short,Justice League Heroes,1,True,True,Action,True,5.0,72,2006,Unknown
Short,Genji: Days of the Blade,1,True,True,Action,True,12.0,55,2006,Sony
Short,Top Spin 2,4,True,True,Sports,True,10.0,75,2006,2K
Short,Field Commander,2,True,True,Strategy,True,13.88,77,2006,"Sony,Ubisoft"
Short,Children of Mana,1,True,True,Action,True,15.0,65,2006,"Nintendo,SquareEnix"
Average,Valkyrie Profile: Lenneth,1,True,True,Role-Playing (RPG),True,29.98,80,2006,SquareEnix
Average,Enchanted Arms,1,True,True,Role-Playing (RPG),True,21.83,69,2006,Ubisoft
Short,NHL 07,4,True,True,Sports,True,10.0,76,2006,EA
Short,Full Auto 2: Battlelines,2,True,True,Action,True,8.75,67,2006,Sega
Short,Blitz: The League,2,True,True,Sports,True,15.0,69,2006,Midway
Short,Star Trek Legacy,2,True,True,Action,True,11.0,64,2006,Ubisoft
Short,Eragon,1,True,True,Action,True,6.0,63,2006,Unknown
Short,Mega Man ZX,1,True,True,Action,True,8.95,76,2006,Capcom
Short,X-Men: The Official Game,1,True,True,Action,True,12.5,52,2006,Activision
Short,Happy Feet,2,True,True,Action,True,0.67,46,2006,Midway
Short,Open Season,1,True,True,Action,True,3.5,72,2006,Ubisoft
Short,Dungeon Siege: Throne of Agony,1,True,True,Role-Playing (RPG),True,17.22,74,2006,2K
Short,LocoRoco,1,True,True,Action,True,5.0,83,2006,Sony
Short,Dead or Alive: Xtreme 2,1,True,True,Racing / Driving,True,1.0,53,2006,Unknown
Short,Fuzion Frenzy 2,4,True,True,Action,True,1.75,49,2006,Microsoft
Short,Lumines II,2,True,True,Strategy,True,15.0,81,2006,Unknown
Short,Star Wars: Lethal Alliance,1,True,True,Action,True,5.0,61,2006,Ubisoft
Short,Worms: Open Warfare,1,True,True,Action,True,8.25,70,2006,THQ
Short,Eragon,4,True,True,Action,True,6.0,59,2006,Unknown
Short,Metal Slug Anthology,4,True,True,Action,True,6.0,73,2006,Unknown
Short,Open Season,4,True,True,Action,True,3.5,59,2006,Ubisoft
Short,Tom Clancy's Splinter Cell: Double Agent,2,True,True,Action,True,11.0,61,2006,Ubisoft
Short,Avatar: The Last Airbender,1,True,True,Action,True,6.0,57,2006,THQ
Average,Lemmings,1,True,True,Strategy,True,21.62,76,2006,Sony
Short,Mega Man Powered Up,1,True,True,Action,True,3.0,82,2006,Capcom
Short,Dynasty Warriors 5: Empires,2,True,True,Action,True,14.0,61,2006,Unknown
Average,Magical Starsign,1,True,True,Role-Playing (RPG),True,25.83,69,2006,Nintendo
Short,Resident Evil: Deadly Silence,1,True,True,Action,True,6.0,71,2006,Capcom
Short,X-Men: The Official Game,1,True,True,Action,True,12.5,50,2006,Activision
Average,Armored Core 4,2,True,True,Action,True,23.0,65,2006,Sega
Short,Eragon,2,True,True,Action,True,6.0,48,2006,Unknown
Short,LostMagic,1,True,True,Action,True,13.0,68,2006,Ubisoft
Short,Magnetica,1,True,True,Action,True,9.93,68,2006,Nintendo
Short,Def Jam Fight for NY: The Takeover,1,True,True,Action,True,5.15,79,2006,EA
Short,The Ant Bully,1,True,True,Action,True,3.5700000000000003,45,2006,Midway
Short,Just Cause,1,True,True,Action,True,8.12,73,2006,Eidos
Short,Onechanbara: Bikini Samurai Squad,1,True,True,Action,True,5.0,39,2006,Unknown
Average,Phantasy Star Universe,1,True,True,Role-Playing (RPG),True,26.82,64,2006,Sega
Short,Project Sylpheed: Arc of Deception,1,True,True,Action,True,4.0,64,2006,"Microsoft,SquareEnix"
Short,Winning Eleven: Pro Evolution Soccer 2007,6,True,True,Sports,True,10.0,80,2006,Konami
Average,Digimon World DS,1,True,True,Role-Playing (RPG),True,25.0,49,2006,Namco
Short,Justice League Heroes,1,True,True,Action,True,5.0,43,2006,Unknown
Short,Open Season,4,True,True,Action,True,3.5,49,2006,Ubisoft
Average,Samurai Warriors 2,4,True,True,Action,True,30.0,52,2006,Unknown
Average,Import Tuner Challenge,2,True,True,Racing / Driving,True,25.0,54,2006,Ubisoft
Short,Contact,1,True,True,Adventure,True,11.73,73,2006,Unknown
Short,Touch Detective,1,True,True,Adventure,True,6.0,60,2006,Unknown
Short,FIFA Street 2,1,True,True,Sports,True,19.5,58,2006,EA
Short,007: From Russia with Love,1,True,True,Action,True,6.27,61,2006,EA
Short,PaRappa the Rapper,1,True,True,Action,True,1.12,67,2006,Sony
Average,Riviera: The Promised Land,1,True,True,Role-Playing (RPG),True,24.53,68,2006,Unknown
Short,Samurai Warriors: State of War,1,True,True,Action,True,10.5,64,2006,Unknown
Short,Viewtiful Joe: Red Hot Rumble,1,True,True,Action,True,4.8,63,2006,Capcom
Short,Ice Age 2: The Meltdown,1,True,True,Action,True,5.0,66,2006,Unknown
Short,Bionicle Heroes,1,True,True,Action,True,9.75,72,2006,Eidos
Short,Deep Labyrinth,1,True,True,Role-Playing (RPG),True,13.57,57,2006,Unknown
Average,Blade Dancer: Lineage of Light,1,True,True,Role-Playing (RPG),True,29.75,60,2006,Unknown
Short,Every Extend Extra,1,True,True,Action,True,12.0,74,2006,Unknown
Short,Ultimate Ghosts 'N' Goblins,1,True,True,Action,True,3.5,72,2006,Capcom
Short,Xiaolin Showdown,1,True,True,Action,True,6.0,44,2006,Konami
Short,Bionicle Heroes,1,True,True,Action,True,9.75,59,2006,Eidos
Short,Bullet Witch,1,True,True,Action,True,6.28,55,2006,Atari
Short,Death Jr. II: Root of Evil,2,True,True,Action,True,6.02,68,2006,Konami
Short,Guilty Gear: Dust Strikers,1,True,True,Action,True,0.32,60,2006,Unknown
Short,Lara Croft Tomb Raider: Legend,1,True,True,Action,True,7.42,58,2006,Eidos
Short,Worms: Open Warfare,1,True,True,Action,True,8.25,64,2006,THQ
Short,Snoopy vs. the Red Baron,1,True,True,Action,True,6.0,76,2006,Namco
Short,Ys VI: The Ark of Napishtim,1,True,True,Action,True,13.0,64,2006,Konami
Short,Bomberman Land Touch!,1,True,True,Action,True,15.0,78,2006,Unknown
Short,Point Blank DS,1,True,True,Action,True,0.15,66,2006,"Atari,Namco"
Short,Scurge: Hive,1,True,True,Action,True,9.58,70,2006,Unknown
Long,Tao's Adventure: Curse of the Demon Seal,1,True,True,Role-Playing (RPG),True,45.0,50,2006,Konami
Short,Gitaroo Man Lives!,1,True,True,Simulation,True,1.88,80,2006,Unknown
Short,Gradius Collection,1,True,True,Action,True,10.0,76,2006,Konami
Average,The Legend of Heroes II: Prophecy of the Moonli...,1,True,True,Role-Playing (RPG),True,20.62,63,2006,Namco
Short,Pac-Man World Rally,1,True,True,Action,True,2.75,51,2006,Namco
Short,Earth Defense Force 2017,2,True,True,Action,True,10.0,69,2006,Unknown
Short,WarTech: Senko no Ronde,2,True,True,Action,True,1.0,60,2006,Ubisoft
Short,MechAssault: Phantom War,1,True,True,Action,True,7.0,66,2006,Unknown
Short,Astonishia Story,1,True,True,Role-Playing (RPG),True,19.15,48,2006,Ubisoft
Short,MotoGP,1,True,True,Racing / Driving,True,7.5,69,2006,Sony
Short,OutRun 2006: Coast 2 Coast,1,True,True,Racing / Driving,True,4.0,82,2006,Sega
Short,Tenchu: Dark Secret,1,True,True,Action,True,7.1,37,2006,Nintendo
Short,Metal Gear Solid: Digital Graphic Novel,1,True,True,Adventure,True,3.03,78,2006,Konami
Short,Platypus,2,True,True,Action,True,1.25,59,2006,Unknown
Short,Custom Robo Arena,1,True,True,Action,True,19.12,74,2006,Nintendo
Short,Gurumin: A Monstrous Adventure,1,True,True,Action,True,9.4,78,2006,Unknown
Short,Spider-Man 3,1,True,True,Action,True,9.67,58,2006,Ubisoft
Short,Wii Fit,1,True,True,Educational,True,3.93,80,2007,Nintendo
Short,Halo 3,4,True,True,Action,True,9.0,94,2007,Microsoft
Short,Call of Duty 4: Modern Warfare,4,True,True,Action,True,7.0,94,2007,Activision
Short,Super Mario Galaxy,2,True,True,Action,True,15.0,97,2007,Nintendo
Short,Mario Party DS,1,True,True,Action,True,6.87,72,2007,Nintendo
Short,Mario Party 8,4,True,True,Action,True,4.0,62,2007,Nintendo
Short,Guitar Hero III: Legends of Rock,2,True,True,Action,True,8.0,85,2007,Activision
Short,Link's Crossbow Training,1,True,True,Action,True,1.12,68,2007,Nintendo
Short,Guitar Hero III: Legends of Rock,2,True,True,Action,True,8.0,86,2007,Activision
Short,Assassin's Creed,1,True,True,Action,True,15.0,81,2007,Ubisoft
Short,LEGO Star Wars: The Complete Saga,2,True,True,Action,True,14.0,80,2007,Unknown
Short,Call of Duty 4: Modern Warfare,4,True,True,Action,True,7.0,94,2007,Activision
Short,Mario & Sonic at the Olympic Games,4,True,True,Action,True,7.0,67,2007,"Nintendo,Sega"
Short,LEGO Star Wars: The Complete Saga,1,True,True,Action,True,14.0,80,2007,Unknown
Long,Forza Motorsport 2,2,True,True,Racing / Driving,True,54.2,90,2007,Microsoft
Short,Madden NFL 08,4,True,True,Sports,True,17.0,85,2007,EA
Short,Guitar Hero II,2,True,True,Action,True,9.0,92,2007,Activision
Short,Rock Band,4,True,True,Action,True,7.75,92,2007,Unknown
Short,The Legend of Zelda: Phantom Hourglass,1,True,True,Action,True,15.57,90,2007,Nintendo
Average,Pokmon Mystery Dungeon: Explorers of Darkness,1,True,True,Role-Playing (RPG),True,20.85,59,2007,Nintendo
Average,Pokmon Mystery Dungeon: Explorers of Time,1,True,True,Role-Playing (RPG),True,20.85,59,2007,Nintendo
Short,Assassin's Creed,1,True,True,Action,True,15.0,81,2007,Ubisoft
Short,Uncharted: Drake's Fortune,1,True,True,Action,True,8.47,88,2007,Sony
Short,Mass Effect,1,True,True,Action,True,16.5,91,2007,Microsoft
Short,Cooking Mama 2: Dinner with Friends,1,True,True,Simulation,True,5.13,70,2007,Unknown
Short,BioShock,1,True,True,Action,True,12.0,96,2007,2K
Short,Super Paper Mario,1,True,True,Action,True,18.0,85,2007,Nintendo
Short,Ratchet & Clank: Size Matters,1,True,True,Action,True,7.0,85,2007,Sony
Short,Dance Dance Revolution Hottest Party,4,True,True,Action,True,8.0,73,2007,Konami
Short,Cooking Mama: Cook Off,2,True,True,Simulation,True,3.4,61,2007,Unknown
Short,Gran Turismo 5: Prologue,2,True,True,Racing / Driving,True,10.72,80,2007,Sony
Short,Professor Layton and the Curious Village,1,True,True,Adventure,True,12.47,85,2007,Nintendo
Short,Resident Evil 4,1,True,True,Action,True,16.0,91,2007,Capcom
Average,The Elder Scrolls IV: Oblivion,1,True,True,Action,True,24.0,93,2007,Ubisoft
Short,Diddy Kong Racing DS,1,True,True,Racing / Driving,True,11.03,63,2007,Nintendo
Short,Need for Speed: ProStreet,2,True,True,Racing / Driving,True,10.0,72,2007,EA
Short,Deal or No Deal,1,True,True,Strategy,True,0.1,20,2007,Unknown
Short,LEGO Star Wars: The Complete Saga,2,True,True,Action,True,14.0,80,2007,Unknown
Short,Sonic and the Secret Rings,4,True,True,Action,True,9.27,69,2007,Sega
Average,The Orange Box,1,True,True,Action,True,28.75,96,2007,Unknown
Short,Crackdown,1,True,True,Action,True,10.0,83,2007,Microsoft
Short,Rock Band,4,True,True,Action,True,7.75,92,2007,Unknown
Short,WWE Smackdown vs. Raw 2008,4,True,True,Sports,True,10.0,71,2007,THQ
Short,Madden NFL 08,4,True,True,Sports,True,17.0,81,2007,EA
Short,Call of Duty 4: Modern Warfare,1,True,True,Action,True,7.0,75,2007,Activision
Short,MySims,1,True,True,Simulation,True,7.18,68,2007,EA
Short,Mario Strikers Charged,4,True,True,Action,True,10.0,79,2007,Nintendo
Short,Star Wars Battlefront: Renegade Squadron,1,True,True,Action,True,2.7199999999999998,73,2007,Unknown
Short,Flash Focus: Vision Training in Minutes a Day,1,True,True,Action,True,6.0,59,2007,Nintendo
Short,Metroid Prime 3: Corruption,1,True,True,Action,True,14.0,90,2007,Nintendo
Short,Tom Clancy's Ghost Recon: Advanced Warfighter 2...,1,True,True,Action,True,8.75,86,2007,Ubisoft
Short,Madden NFL 08,4,True,True,Sports,True,17.0,76,2007,EA
Short,Ratchet & Clank Future: Tools of Destruction,1,True,True,Action,True,13.37,89,2007,Sony
Short,LEGO Star Wars: The Complete Saga,2,True,True,Action,True,14.0,80,2007,Unknown
Short,Rayman Raving Rabbids 2,4,True,True,Action,True,5.0,67,2007,Ubisoft
Short,NBA 2K8 ,1,True,True,Sports,True,4.0,81,2007,2K
Short,Namco Museum DS,1,True,True,Action,True,10.0,67,2007,Namco
Short,Need for Speed: ProStreet,2,True,True,Racing / Driving,True,10.0,73,2007,EA
Short,Drawn to Life,1,True,True,Action,True,14.37,73,2007,THQ
Short,Resident Evil: The Umbrella Chronicles,2,True,True,Action,True,7.25,75,2007,"Capcom,Nintendo"
Short,NCAA Football 08,2,True,True,Sports,True,12.0,81,2007,EA
Short,WWE Smackdown vs. Raw 2008,6,True,True,Sports,True,10.0,74,2007,THQ
Short,Madden NFL 08,1,True,True,Sports,True,17.0,75,2007,EA
Short,The Simpsons Game,1,True,True,Action,True,0.87,69,2007,EA
Short,Ace Combat 6: Fires of Liberation,1,True,True,Action,True,13.25,80,2007,Namco
Short,Heavenly Sword,1,True,True,Action,True,7.0,79,2007,Sony
Short,Ninja Gaiden Sigma,1,True,True,Action,True,14.15,88,2007,Unknown
Short,Ben 10: Protector of the Earth,1,True,True,Action,True,5.13,63,2007,Unknown
Short,The Simpsons Game,2,True,True,Action,True,0.87,71,2007,EA
Short,Sonic Rush Adventure,1,True,True,Action,True,6.0,78,2007,Sega
Short,Tony Hawk's Proving Ground,2,True,True,Sports,True,8.13,72,2007,Activision
Short,Call of Duty: Roads to Victory,1,True,True,Action,True,4.92,64,2007,Activision
Short,Transformers: The Game,1,True,True,Action,True,5.0,52,2007,Activision
Short,NBA 2K8,7,True,True,Sports,True,4.0,81,2007,2K
Short,Medal of Honor: Heroes 2,1,True,True,Action,True,5.0,69,2007,EA
Short,Spider-Man 3,1,True,True,Action,True,9.67,63,2007,Activision
Short,Tom Clancy's Rainbow Six: Vegas,2,True,True,Action,True,9.0,86,2007,Ubisoft
Short,Need for Speed: ProStreet,2,True,True,Racing / Driving,True,10.0,61,2007,EA
Short,Dance Dance Revolution Universe 2,4,True,True,Action,True,8.0,65,2007,Konami
Short,MX vs. ATV Untamed,2,True,True,Racing / Driving,True,12.0,70,2007,THQ
Average,Final Fantasy IV,1,True,True,Role-Playing (RPG),True,31.08,85,2007,SquareEnix
Short,The Simpsons Game,2,True,True,Action,True,0.87,64,2007,EA
Short,WWE Smackdown vs. Raw 2008,4,True,True,Sports,True,10.0,68,2007,THQ
Short,Tiger Woods PGA Tour 07,4,True,True,Sports,True,10.0,71,2007,EA
Short,Crash of the Titans,1,True,True,Action,True,7.5,73,2007,Unknown
Short,Medal of Honor: Airborne,2,True,True,Action,True,6.0,73,2007,EA
Short,Spider-Man 3,1,True,True,Action,True,9.67,53,2007,Activision
Long,Lost Odyssey,1,True,True,Role-Playing (RPG),True,50.0,78,2007,Microsoft
Short,Bee Movie Game,1,True,True,Adventure,True,5.92,58,2007,Activision
Short,Spider-Man 3,1,True,True,Action,True,9.67,79,2007,Activision
Average,Final Fantasy Tactics,1,True,True,Role-Playing (RPG),True,38.0,88,2007,SquareEnix
Short,Ratatouille,1,True,True,Action,True,10.0,62,2007,THQ
Short,Two Worlds,1,True,True,Action,True,15.75,50,2007,Unknown
Short,Crash of the Titans,2,True,True,Action,True,7.5,69,2007,Unknown
Short,Sonic the Hedgehog,2,True,True,Action,True,2.87,46,2007,Sega
Short,Mega Man Star Force: Dragon,1,True,True,Action,True,16.62,60,2007,Capcom
Short,Sonic the Hedgehog,2,True,True,Action,True,2.87,43,2007,Sega
Short,Harry Potter and the Order of the Phoenix,1,True,True,Action,True,10.0,69,2007,EA
Short,WWE Smackdown vs. Raw 2008,4,True,True,Sports,True,10.0,59,2007,THQ
Short,The Simpsons Game,2,True,True,Action,True,0.87,71,2007,EA
Short,DiRT,1,True,True,Racing / Driving,True,12.88,83,2007,Unknown
Short,Kane & Lynch: Dead Men,2,True,True,Action,True,6.0,65,2007,Eidos
Short,Jam Sessions,1,True,True,Educational,True,0.25,72,2007,Ubisoft
Average,Monster Hunter Freedom 2,1,True,True,Action,True,38.0,72,2007,Capcom
Short,Shadowrun,1,True,True,Action,True,20.0,66,2007,Microsoft
Short,Thrillville: Off the Rails,4,True,True,Simulation,True,8.5,70,2007,Unknown
Short,Tony Hawk's Proving Ground,2,True,True,Sports,True,8.13,73,2007,Activision
Average,The World Ends With You,1,True,True,Action,True,25.0,88,2007,SquareEnix
Short,The BIGS,4,True,True,Action,True,0.53,66,2007,2K
Short,NCAA Football 08,2,True,True,Sports,True,12.0,77,2007,EA
Long,Final Fantasy Tactics A2: Grimoire of the Rift,1,True,True,Role-Playing (RPG),True,50.0,80,2007,SquareEnix
Short,Beowulf: The Game,1,True,True,Action,True,10.5,51,2007,Ubisoft
Short,The Darkness,1,True,True,Action,True,9.5,82,2007,2K
Short,Tom Clancy's Ghost Recon: Advanced Warfighter 2...,4,True,True,Action,True,8.75,84,2007,Ubisoft
Short,Final Fantasy,1,True,True,Role-Playing (RPG),True,16.95,67,2007,SquareEnix
Short,Lair,1,True,True,Action,True,8.97,53,2007,Sony
Short,Transformers: The Game,1,True,True,Action,True,5.0,53,2007,Activision
Average,Command & Conquer 3: Tiberium Wars,1,True,True,Strategy,True,24.0,82,2007,EA
Short,Overlord,1,True,True,Action,True,18.3,76,2007,Unknown
Short,Diner Dash,1,True,True,Action,True,4.3,64,2007,Unknown
Short,Medal of Honor: Heroes 2,1,True,True,Action,True,5.0,73,2007,EA
Short,MX vs. ATV Untamed,2,True,True,Racing / Driving,True,12.0,67,2007,THQ
Short,Time Crisis 4,2,True,True,Action,True,1.0,60,2007,Namco
Short,Dragon Ball Z: Budokai Tenkaichi 3,2,True,True,Action,True,12.0,72,2007,Atari
Average,Final Fantasy XII: Revenant Wings,1,True,True,Role-Playing (RPG),True,30.1,81,2007,SquareEnix
Short,Unreal Tournament III,1,True,True,Action,True,10.5,86,2007,Midway
Short,Bee Movie Game,2,True,True,Action,True,5.92,62,2007,Activision
Short,Def Jam: Icon,2,True,True,Action,True,8.0,69,2007,EA
Short,Transformers: The Game,1,True,True,Action,True,5.0,54,2007,Activision
Short,TimeShift,1,True,True,Action,True,8.4,70,2007,Unknown
Short,SSX Blur,4,True,True,Sports,True,10.0,74,2007,EA
Short,Bleach: The Blade of Fate,1,True,True,Action,True,5.0,83,2007,Sega
Average,Final Fantasy II,1,True,True,Role-Playing (RPG),True,25.0,63,2007,SquareEnix
Short,Virtua Fighter 5,2,True,True,Action,True,1.17,85,2007,Sega
Short,NiGHTS: Journey of Dreams,2,True,True,Action,True,6.0,69,2007,Sega
Average,Puzzle Quest: Challenge of the Warlords,1,True,True,Role-Playing (RPG),True,35.0,82,2007,Unknown
Short,Kane & Lynch: Dead Men,2,True,True,Action,True,6.0,64,2007,Eidos
Short,Crash of the Titans,2,True,True,Action,True,7.5,65,2007,Unknown
Short,Harry Potter and the Order of the Phoenix,1,True,True,Action,True,10.0,51,2007,EA
Short,SimCity DS,1,True,True,Simulation,True,3.0,69,2007,EA
Short,Wario: Master of Disguise,1,True,True,Action,True,9.0,60,2007,Nintendo
Short,No More Heroes,1,True,True,Action,True,10.0,83,2007,Ubisoft
Short,BlackSite: Area 51,1,True,True,Action,True,5.53,62,2007,Midway
Short,Shrek the Third,2,True,True,Action,True,4.0,56,2007,Activision
Short,Shrek the Third,1,True,True,Adventure,True,4.0,70,2007,Activision
Short,Surf's Up,1,True,True,Racing / Driving,True,1.28,56,2007,Ubisoft
Short,TMNT,1,True,True,Action,True,4.75,58,2007,Ubisoft
Short,Spider-Man: Friend or Foe,2,True,True,Action,True,8.0,60,2007,Activision
Short,Contra 4,1,True,True,Action,True,2.12,83,2007,Konami
Short,Phoenix Wright: Ace Attorney - Trials and Tribu...,1,True,True,Adventure,True,20.0,81,2007,Capcom
Short,Disney Pirates of the Caribbean: At World's End,1,True,True,Action,True,5.92,66,2007,Disney
Short,Dragon Ball Z: Shin Budokai - Another Road,1,True,True,Action,True,8.0,65,2007,"Atari,Namco"
Short,Spider-Man 3,1,True,True,Action,True,9.67,60,2007,Activision
Short,The Golden Compass,1,True,True,Action,True,6.98,41,2007,Sega
Short,Stuntman: Ignition,4,True,True,Action,True,5.27,75,2007,THQ
Short,Chicken Shoot,2,True,True,Action,True,0.75,27,2007,Unknown
Short,Shrek the Third,2,True,True,Action,True,4.0,57,2007,Activision
Short,DK: Jungle Climber,1,True,True,Action,True,5.15,77,2007,Nintendo
Average,Dragon Quest IV: Chapters of the Chosen,1,True,True,Role-Playing (RPG),True,26.65,80,2007,SquareEnix
Short,300: March to Glory,1,True,True,Action,True,7.4,55,2007,Eidos
Long,Fire Emblem: Radiant Dawn,1,True,True,Role-Playing (RPG),True,42.0,78,2007,Nintendo
Short,The Golden Compass,1,True,True,Action,True,6.98,35,2007,Sega
Short,Manhunt 2,1,True,True,Action,True,8.57,62,2007,Rockstar
Short,Virtua Tennis 3,4,True,True,Sports,True,17.0,80,2007,Sega
Short,All-Pro Football 2K8,4,True,True,Sports,True,12.0,75,2007,2K
Short,The Warriors,1,True,True,Action,True,10.27,52,2007,Rockstar
Short,Ghost Rider,4,True,True,Action,True,5.15,49,2007,2K
Short,Tony Hawk's Proving Ground,2,True,True,Sports,True,8.13,57,2007,Activision
Short,Juiced 2: Hot Import Nights,2,True,True,Racing / Driving,True,15.0,68,2007,THQ
Short,Juiced 2: Hot Import Nights,1,True,True,Racing / Driving,True,15.0,72,2007,THQ
Short,The Simpsons Game,1,True,True,Action,True,0.87,59,2007,EA
Short,Syphon Filter: Logan's Shadow,1,True,True,Action,True,11.0,85,2007,Sony
Short,Ratatouille,4,True,True,Action,True,10.0,56,2007,THQ
Short,Trauma Center: New Blood,2,True,True,Action,True,12.0,77,2007,Nintendo
Short,Hotel Dusk: Room 215,1,True,True,Adventure,True,15.0,78,2007,Nintendo
Short,Mega Man ZX Advent,1,True,True,Action,True,6.75,78,2007,Capcom
Short,Silent Hill: 0rigins,1,True,True,Action,True,6.0,78,2007,Konami
Short,Harry Potter and the Order of the Phoenix,1,True,True,Action,True,10.0,68,2007,EA
Short,NHL 08 ,1,True,True,Sports,True,17.5,85,2007,EA
Short,Castlevania: The Dracula X Chronicles,2,True,True,Action,True,7.0,80,2007,Konami
Short,Tony Hawk's Proving Ground,1,True,True,Sports,True,8.13,39,2007,Activision
Average,Jeanne d'Arc,1,True,True,Role-Playing (RPG),True,30.92,87,2007,Sony
Short,BWii: Battalion Wars 2,1,True,True,Action,True,9.72,75,2007,Nintendo
Short,Battlestations: Midway,1,True,True,Action,True,8.85,73,2007,Eidos
Short,Touch the Dead,1,True,True,Action,True,4.65,56,2007,Unknown
Short,The Darkness,1,True,True,Action,True,9.5,80,2007,2K
Short,The BIGS,4,True,True,Action,True,0.53,79,2007,2K
Average,Armored Core 4,2,True,True,Action,True,23.0,65,2007,Sega
Long,Etrian Odyssey,1,True,True,Role-Playing (RPG),True,50.0,75,2007,Nintendo
Short,Ben 10: Protector of the Earth,1,True,True,Action,True,5.13,60,2007,Unknown
Short,Tom Clancy's Splinter Cell: Double Agent,1,True,True,Action,True,11.0,78,2007,Ubisoft
Short,Looney Tunes: Acme Arsenal,1,True,True,Action,True,3.15,27,2007,Unknown
Short,Zack & Wiki: Quest for Barbaros' Treasure,1,True,True,Adventure,True,14.08,87,2007,Capcom
Short,Virtua Fighter 5,2,True,True,Action,True,1.17,89,2007,Sega
Short,Lunar Knights,1,True,True,Action,True,12.0,82,2007,Konami
Average,Enchanted Arms,1,True,True,Role-Playing (RPG),True,21.83,64,2007,Ubisoft
Short,F.E.A.R.: First Encounter Assault Recon,1,True,True,Action,True,8.42,72,2007,Unknown
Short,Folklore,1,True,True,Action,True,13.1,75,2007,Sony
Short,Juiced 2: Hot Import Nights,1,True,True,Racing / Driving,True,15.0,71,2007,THQ
Short,The Elder Scrolls IV: Shivering Isles,1,True,True,Action,True,10.0,86,2007,Unknown
Short,NHL 08,7,True,True,Sports,True,17.5,86,2007,EA
Short,Rayman Raving Rabbids,4,True,True,Action,True,6.0,67,2007,Ubisoft
Short,Warriors Orochi,2,True,True,Action,True,10.25,53,2007,Unknown
Average,Luminous Arc,1,True,True,Role-Playing (RPG),True,21.75,70,2007,Unknown
Average,Picross DS,1,True,True,Strategy,True,38.35,83,2007,Nintendo
Short,Harry Potter and the Order of the Phoenix,1,True,True,Action,True,10.0,67,2007,EA
Short,The BIGS,4,True,True,Action,True,0.53,80,2007,2K
Short,Stuntman: Ignition,4,True,True,Action,True,5.27,76,2007,THQ
Short,Mortal Kombat: Armageddon,4,True,True,Action,True,8.0,71,2007,Midway
Short,Def Jam: Icon,2,True,True,Action,True,8.0,68,2007,EA
Short,Soulcalibur Legends,2,True,True,Action,True,10.48,52,2007,Namco
Short,Surf's Up,2,True,True,Sports,True,1.28,64,2007,Ubisoft
Short,Planet Puzzle League,1,True,True,Strategy,True,0.32,86,2007,Nintendo
Short,DiRT,1,True,True,Racing / Driving,True,12.88,83,2007,Unknown
Short,TMNT,1,True,True,Action,True,4.75,60,2007,Ubisoft
Short,Soldier of Fortune: Payback,1,True,True,Action,True,3.0,50,2007,Activision
Average,Dynasty Warriors: Gundam,2,True,True,Action,True,37.07,60,2007,Namco
Short,Disney Pirates of the Caribbean: At World's End,2,True,True,Action,True,5.92,55,2007,Disney
Short,Bee Movie Game,2,True,True,Action,True,5.92,71,2007,Activision
Average,Dynasty Warriors: Gundam,2,True,True,Action,True,37.07,55,2007,Namco
Short,Golden Axe,2,True,True,Action,True,0.75,45,2007,Sega
Short,Dementium: The Ward,1,True,True,Action,True,4.0,72,2007,Unknown
Short,Rondo of Swords,1,True,True,Role-Playing (RPG),True,17.35,69,2007,Unknown
Long,Disgaea: Afternoon of Darkness,1,True,True,Role-Playing (RPG),True,40.8,87,2007,Unknown
Short,Dragon Quest Swords: The Masked Queen and the T...,1,True,True,Action,True,8.5,65,2007,SquareEnix
Short,Call of Juarez,1,True,True,Action,True,8.0,71,2007,Ubisoft
Average,Eternal Sonata,1,True,True,Role-Playing (RPG),True,30.0,79,2007,Namco
Short,Kingdom Under Fire: Circle of Doom,1,True,True,Action,True,9.0,55,2007,Microsoft
Short,Vampire Rain,1,True,True,Action,True,10.5,38,2007,Microsoft
Short,All-Pro Football 2K8,6,True,True,Sports,True,12.0,73,2007,2K
Short,Conan,1,True,True,Action,True,6.0,69,2007,THQ
Short,Conan,1,True,True,Action,True,6.0,69,2007,THQ
Short,Spider-Man: Friend or Foe,2,True,True,Action,True,8.0,59,2007,Activision
Short,Thrillville: Off the Rails,4,True,True,Simulation,True,8.5,73,2007,Unknown
Short,Geometry Wars: Galaxies,1,True,True,Action,True,10.0,79,2007,Unknown
Short,Rayman Raving Rabbids,1,True,True,Action,True,6.0,56,2007,Ubisoft
Short,Beowulf: The Game,1,True,True,Action,True,10.5,51,2007,Ubisoft
Short,The Golden Compass,1,True,True,Action,True,6.98,40,2007,Sega
Short,Scarface: The World is Yours,1,True,True,Action,True,17.13,71,2007,Unknown
Short,Geometry Wars: Galaxies,2,True,True,Action,True,10.0,80,2007,Unknown
Short,Final Fantasy: Crystal Chronicles - Echoes of Time,1,True,True,Action,True,15.7,75,2007,SquareEnix
Short,MX vs. ATV Untamed,1,True,True,Racing / Driving,True,12.0,61,2007,THQ
Short,WWE SmackDown vs. Raw 2008,1,True,True,Sports,True,10.0,61,2007,THQ
Short,The BIGS,1,True,True,Action,True,0.53,72,2007,2K
Average,Brave Story: New Traveler,1,True,True,Role-Playing (RPG),True,23.83,76,2007,Unknown
Short,WipEout Pulse,1,True,True,Action,True,7.0,82,2007,Sony
Short,TimeShift,1,True,True,Action,True,8.4,70,2007,Unknown
Short,Beautiful Katamari,1,True,True,Action,True,6.0,73,2007,Namco
Short,Hour of Victory,1,True,True,Action,True,5.32,37,2007,Midway
Short,Fantastic Four: Rise of the Silver Surfer,4,True,True,Action,True,5.75,47,2007,2K
Short,7 Wonders of the Ancient World,1,True,True,Strategy,True,4.85,60,2007,Unknown
Short,Draglade,1,True,True,Action,True,4.07,71,2007,Unknown
Short,Final Fantasy Fables: Chocobo Tales,1,True,True,Action,True,9.38,75,2007,SquareEnix
Short,The Golden Compass,1,True,True,Action,True,6.98,28,2007,Sega
Short,Harry Potter and the Order of the Phoenix,1,True,True,Action,True,10.0,52,2007,EA
Short,Surf's Up,4,True,True,Sports,True,1.28,61,2007,Ubisoft
Short,Blazing Angels 2: Secret Missions of WWII,2,True,True,Action,True,10.0,72,2007,Ubisoft
Short,The Settlers,1,True,True,Strategy,True,3.75,39,2007,Ubisoft
Short,Shrek the Third,1,True,True,Action,True,4.0,57,2007,Activision
Short,Ratatouille,1,True,True,Action,True,10.0,55,2007,THQ
Short,Soldier of Fortune: Payback,1,True,True,Action,True,3.0,50,2007,Activision
Short,Heatseeker,1,True,True,Action,True,9.75,62,2007,Unknown
Short,Fantastic Four: Rise of the Silver Surfer,4,True,True,Action,True,5.75,45,2007,2K
Short,Blazing Angels 2: Secret Missions of WWII,2,True,True,Action,True,10.0,70,2007,Ubisoft
Short,Cake Mania,1,True,True,Action,True,5.33,55,2007,Unknown
Short,Touch Detective 2 1/2,1,True,True,Adventure,True,5.65,67,2007,Unknown
Short,7 Wonders of the Ancient World,1,True,True,Strategy,True,4.85,51,2007,Unknown
Short,Crush,1,True,True,Action,True,5.8,83,2007,Sega
Average,Test Drive Unlimited,1,True,True,Racing / Driving,True,30.0,80,2007,Atari
Short,Thrillville: Off the Rails,1,True,True,Simulation,True,8.5,72,2007,Unknown
Short,Looney Tunes: Acme Arsenal,4,True,True,Action,True,3.15,40,2007,Unknown
Short,Worms: Open Warfare 2,1,True,True,Action,True,8.25,81,2007,THQ
Short,Alien Syndrome,1,True,True,Action,True,3.05,51,2007,Sega
Short,BlackSite: Area 51,1,True,True,Action,True,5.53,56,2007,Midway
Short,Code Lyoko: Quest for Infinity,1,True,True,Action,True,5.8,58,2007,Unknown
Short,FlatOut: Ultimate Carnage,1,True,True,Racing / Driving,True,14.5,80,2007,Unknown
Short,Zoids Assault,1,True,True,Role-Playing (RPG),True,11.0,46,2007,Unknown
Short,Alien Syndrome,4,True,True,Action,True,3.05,48,2007,Sega
Short,Heroes of Mana,1,True,True,Strategy,True,17.03,66,2007,SquareEnix
Short,Myst,1,True,True,Adventure,True,6.07,43,2007,Midway
Short,Coded Arms: Contagion,1,True,True,Action,True,10.0,56,2007,Konami
Short,F.E.A.R. Files,1,True,True,Action,True,10.0,66,2007,Unknown
Short,Ontamarama,1,True,True,Action,True,1.0,71,2007,Unknown
Short,Retro Game Challenge,1,True,True,Action,True,9.75,77,2007,Namco
Short,Ultimate Mortal Kombat 3,1,True,True,Action,True,1.0,73,2007,Midway
Short,Juiced 2: Hot Import Nights,1,True,True,Racing / Driving,True,15.0,73,2007,THQ
Short,Pursuit Force: Extreme Justice,1,True,True,Action,True,8.0,73,2007,Sony
Short,Medal of Honor: Vanguard,1,True,True,Action,True,3.63,56,2007,EA
Short,Worms: Open Warfare 2,4,True,True,Action,True,8.25,80,2007,THQ
Short,Surf's Up,4,True,True,Sports,True,1.28,59,2007,Ubisoft
Short,Fantastic Four: Rise of the Silver Surfer,4,True,True,Action,True,5.75,39,2007,2K
Short,Brothers in Arms DS,1,True,True,Action,True,5.0,72,2007,Ubisoft
Short,Fantastic Four: Rise of the Silver Surfer,1,True,True,Action,True,5.75,35,2007,2K
Short,Heatseeker,1,True,True,Action,True,9.75,49,2007,Unknown
Short,Manhunt 2,1,True,True,Action,True,8.57,69,2007,Rockstar
Short,Escape from Bug Island,1,True,True,Action,True,5.38,37,2007,Eidos
Short,Cabela's Big Game Hunter,1,True,True,Simulation,True,4.0,51,2007,Activision
Short,Guilty Gear XX ? Core,2,True,True,Action,True,2.0,75,2007,Unknown
Short,Code Lyoko,1,True,True,Action,True,6.52,63,2007,Unknown
Short,Orcs & Elves,1,True,True,Action,True,4.67,68,2007,EA
Short,Dead Head Fred,1,True,True,Action,True,8.0,75,2007,Unknown
Short,Hot Pixel,1,True,True,Action,True,0.45,55,2007,Atari
Average,The Legend of Heroes III: Song of the Ocean,1,True,True,Role-Playing (RPG),True,35.0,58,2007,Namco
Short,Bionicle Heroes,1,True,True,Action,True,9.75,52,2007,Eidos
Short,Burnout Dominator,4,True,True,Action,True,14.0,76,2007,EA
Short,Samurai Warriors 2: Empires,2,True,True,Action,True,8.0,53,2007,Unknown
Average,Dragoneer's Aria,1,True,True,Role-Playing (RPG),True,37.63,56,2007,Unknown
Average,R-Type Command,1,True,True,Strategy,True,24.37,69,2007,Unknown
Short,Virtua Tennis 3,1,True,True,Sports,True,17.0,79,2007,Sega
Short,Virtua Tennis 3,4,True,True,Sports,True,17.0,80,2007,Sega
Average,Front Mission,1,True,True,Strategy,True,20.3,72,2007,SquareEnix
Short,Nervous Brickdown,1,True,True,Action,True,8.0,70,2007,Unknown
Average,Puzzle Quest: Challenge of the Warlords,1,True,True,Role-Playing (RPG),True,35.0,84,2007,Unknown
Short,Driver: Parallel Lines,1,True,True,Action,True,10.6,59,2007,Ubisoft
Short,Mario Kart Wii,4,True,True,Racing / Driving,True,5.0,82,2008,Nintendo
Average,Grand Theft Auto IV,1,True,True,Action,True,28.0,98,2008,Rockstar
Short,Super Smash Bros.: Brawl,6,True,True,Action,True,10.0,93,2008,Nintendo
Short,Call of Duty: World at War,4,True,True,Action,True,8.0,84,2008,Activision
Average,Grand Theft Auto IV,1,True,True,Action,True,28.0,98,2008,Rockstar
Short,Gears of War 2,2,True,True,Action,True,10.0,93,2008,Microsoft
Average,Pokmon: Platinum Version,1,True,True,Adventure,True,35.0,83,2008,Nintendo
Short,Metal Gear Solid 4: Guns of the Patriots,1,True,True,Action,True,18.17,94,2008,Konami
Short,Fable II,1,True,True,Role-Playing (RPG),True,12.0,89,2008,Microsoft
Short,Call of Duty: World at War,4,True,True,Action,True,8.0,85,2008,Activision
Short,Guitar Hero: World Tour,4,True,True,Action,True,8.0,86,2008,Activision
Short,LittleBigPlanet,4,True,True,Action,True,9.0,95,2008,Sony
Average,Fallout 3,1,True,True,Action,True,22.0,93,2008,Unknown
Short,LEGO Indiana Jones: The Original Adventures,2,True,True,Action,True,10.0,77,2008,Unknown
Short,Left 4 Dead,2,True,True,Action,True,6.52,89,2008,Unknown
Short,Madden NFL 09,4,True,True,Sports,True,10.0,83,2008,EA
Short,Kung Fu Panda,4,True,True,Action,True,5.0,75,2008,Activision
Short,Rock Band 2,4,True,True,Action,True,9.0,92,2008,Unknown
Short,Sega Superstars Tennis,4,True,True,Sports,True,8.0,67,2008,Sega
Short,Guitar Hero: World Tour,4,True,True,Action,True,8.0,85,2008,Activision
Long,Animal Crossing: City Folk,1,True,True,Simulation,True,62.0,73,2008,Nintendo
Short,Mario & Sonic at the Olympic Games,1,True,True,Action,True,7.0,70,2008,"Nintendo,Sega"
Short,Madden NFL 09,4,True,True,Sports,True,10.0,85,2008,EA
Short,LEGO Batman: The Videogame,2,True,True,Action,True,9.43,76,2008,Unknown
Short,Tom Clancy's Rainbow Six: Vegas 2,2,True,True,Action,True,9.0,82,2008,Ubisoft
Short,Kirby Super Star Ultra,1,True,True,Action,True,4.75,76,2008,Nintendo
Short,Star Wars: The Force Unleashed,1,True,True,Action,True,5.0,73,2008,Unknown
Short,God of War: Chains of Olympus,1,True,True,Action,True,5.47,91,2008,Sony
Average,Fallout 3,1,True,True,Action,True,22.0,90,2008,Unknown
Short,Pure,1,True,True,Racing / Driving,True,8.5,85,2008,Disney
Short,LEGO Indiana Jones: The Original Adventures,2,True,True,Action,True,10.0,78,2008,Unknown
Short,Rock Band,2,True,True,Action,True,7.75,92,2008,Unknown
Short,LEGO Batman: The Videogame,1,True,True,Action,True,9.43,72,2008,Unknown
Short,Saints Row 2,1,True,True,Action,True,20.0,81,2008,THQ
Short,LEGO Batman: The Videogame,2,True,True,Action,True,9.43,74,2008,Unknown
Short,Call of Duty: World at War,2,True,True,Action,True,8.0,83,2008,Activision
Average,Midnight Club: Los Angeles,1,True,True,Racing / Driving,True,23.62,81,2008,Rockstar
Short,Mortal Kombat vs. DC Universe,2,True,True,Action,True,3.0,76,2008,Midway
Short,Army of Two,2,True,True,Action,True,6.72,72,2008,EA
Short,Resistance 2,2,True,True,Action,True,10.0,87,2008,Sony
Short,Rock Band 2,1,True,True,Action,True,9.0,91,2008,Unknown
Average,Midnight Club: Los Angeles,1,True,True,Racing / Driving,True,23.62,82,2008,Rockstar
Short,Sonic Unleashed,1,True,True,Action,True,13.0,66,2008,Sega
Short,Guitar Hero: World Tour,4,True,True,Action,True,8.0,84,2008,Activision
Short,Guitar Hero: Aerosmith,1,True,True,Action,True,4.93,73,2008,Activision
Short,Star Wars: The Force Unleashed,2,True,True,Action,True,5.0,71,2008,Unknown
Short,Burnout Paradise,1,True,True,Action,True,14.0,87,2008,EA
Average,Pokmon Ranger: Shadows of Almia,1,True,True,Action,True,22.0,68,2008,Nintendo
Short,Mortal Kombat vs. DC Universe,2,True,True,Action,True,3.0,72,2008,Midway
Short,Dead Space,1,True,True,Action,True,11.37,88,2008,EA
Short,Star Wars: The Force Unleashed,1,True,True,Action,True,5.0,71,2008,Unknown
Short,Guitar Hero: Aerosmith,2,True,True,Action,True,4.93,70,2008,Activision
Short,SOCOM: U.S. Navy SEALs - Confrontation,1,True,True,Action,True,10.0,63,2008,Sony
Short,SoulCalibur IV,2,True,True,Action,True,2.25,85,2008,Namco
Short,Battlefield: Bad Company,1,True,True,Action,True,6.73,83,2008,EA
Short,Saints Row 2,1,True,True,Action,True,20.0,82,2008,THQ
Short,Guitar Hero: On Tour - Decades,1,True,True,Action,True,1.83,72,2008,Activision
Short,Devil May Cry 4,1,True,True,Action,True,11.0,84,2008,Capcom
Short,Mystery Case Files: MillionHeir,1,True,True,Adventure,True,8.58,65,2008,Nintendo
Short,Battlefield: Bad Company,1,True,True,Action,True,6.73,84,2008,EA
Short,Army of Two,2,True,True,Action,True,6.72,74,2008,EA
Short,The House of the Dead 2 & 3 Return,2,True,True,Action,True,2.0,66,2008,Sega
Short,Far Cry 2,1,True,True,Action,True,17.0,85,2008,Ubisoft
Short,Boom Blox,4,True,True,Action,True,4.0,85,2008,EA
Short,Madden NFL 09,4,True,True,Sports,True,10.0,68,2008,EA
Short,MLB 08: The Show,2,True,True,Sports,True,10.0,85,2008,Sony
Short,Tom Clancy's Rainbow Six: Vegas 2,2,True,True,Action,True,9.0,81,2008,Ubisoft
Short,Mercenaries 2: World in Flames,1,True,True,Action,True,18.0,72,2008,EA
Short,Need for Speed: Undercover,1,True,True,Racing / Driving,True,11.0,64,2008,EA
Short,Guitar Hero: Aerosmith,2,True,True,Action,True,4.93,70,2008,Activision
Short,SoulCalibur IV,2,True,True,Action,True,2.25,85,2008,"Namco,Ubisoft"
Average,Valkyria Chronicles,1,True,True,Action,True,31.1,86,2008,Sega
Average,Harvest Moon: Tree of Tranquility,1,True,True,Role-Playing (RPG),True,29.58,65,2008,Unknown
Short,Star Wars: The Clone Wars - Jedi Alliance,1,True,True,Action,True,5.0,68,2008,Unknown
Short,Need for Speed: Undercover,1,True,True,Racing / Driving,True,11.0,59,2008,EA
Short,Wario Land: Shake It!,1,True,True,Action,True,6.0,78,2008,Nintendo
Short,Kung Fu Panda,1,True,True,Action,True,5.0,71,2008,Activision
Short,Devil May Cry 4,1,True,True,Action,True,11.0,84,2008,Capcom
Short,Tom Clancy's EndWar,1,True,True,Strategy,True,8.87,77,2008,Ubisoft
Short,LEGO Batman: The Videogame,1,True,True,Action,True,9.43,73,2008,Unknown
Short,BioShock,1,True,True,Action,True,12.0,94,2008,2K
Short,Bully: Scholarship Edition,1,True,True,Action,True,13.2,80,2008,Rockstar
Short,Prince of Persia,1,True,True,Action,True,11.83,81,2008,Ubisoft
Short,Kung Fu Panda,4,True,True,Action,True,5.0,70,2008,Activision
Short,Sonic Chronicles: The Dark Brotherhood,1,True,True,Action,True,12.0,74,2008,Sega
Average,Chrono Trigger,2,True,True,Role-Playing (RPG),True,23.0,92,2008,SquareEnix
Short,Tomb Raider: Underworld,1,True,True,Action,True,10.0,76,2008,Eidos
Short,The Legendary Starfy,1,True,True,Action,True,8.5,75,2008,Nintendo
Short,Mirror's Edge,1,True,True,Action,True,6.0,79,2008,EA
Short,Haze,2,True,True,Action,True,6.92,55,2008,Ubisoft
Average,Dissidia: Final Fantasy,1,True,True,Action,True,30.0,79,2008,SquareEnix
Short,Sid Meier's Civilization: Revolution,1,True,True,Strategy,True,3.87,84,2008,2K
Short,Wall-E,4,True,True,Action,True,6.72,51,2008,THQ
Short,Prince of Persia,1,True,True,Action,True,11.83,85,2008,Ubisoft
Short,NHL 09 ,1,True,True,Sports,True,20.0,88,2008,EA
Short,Brothers in Arms: Hell's Highway,1,True,True,Action,True,8.0,76,2008,Ubisoft
Short,Turok,1,True,True,Action,True,7.0,69,2008,Unknown
Short,Iron Man,1,True,True,Action,True,4.37,44,2008,Sega
Short,De Blob,4,True,True,Action,True,8.42,82,2008,THQ
Short,Sonic Riders: Zero Gravity,4,True,True,Racing / Driving,True,3.07,56,2008,Sega
Short,Rhythm Heaven,1,True,True,Action,True,4.45,83,2008,Nintendo
Short,Tomb Raider: Underworld,1,True,True,Action,True,10.0,75,2008,Eidos
Short,Advance Wars: Days of Ruin,4,True,True,Strategy,True,18.08,86,2008,Nintendo
Short,LEGO Batman: The Videogame,2,True,True,Action,True,9.43,75,2008,Unknown
Short,Far Cry 2,1,True,True,Action,True,17.0,85,2008,Ubisoft
Short,Brothers in Arms: Hell's Highway,1,True,True,Action,True,8.0,76,2008,Ubisoft
Short,Sonic Unleashed,1,True,True,Action,True,13.0,54,2008,Sega
Short,Pinball Hall of Fame: The Williams Collection,1,True,True,Simulation,True,20.0,82,2008,Unknown
Short,Sonic Unleashed,1,True,True,Action,True,13.0,60,2008,Sega
Short,Samba de Amigo,2,True,True,Action,True,8.0,68,2008,Sega
Average,?kami,1,True,True,Action,True,36.83,90,2008,Capcom
Short,LEGO Indiana Jones: The Original Adventures,2,True,True,Action,True,10.0,77,2008,Unknown
Average,MotorStorm: Pacific Rift,4,True,True,Action,True,24.0,82,2008,Sony
Short,Sid Meier's Civilization: Revolution,1,True,True,Simulation,True,3.87,80,2008,2K
Short,Pure,1,True,True,Racing / Driving,True,8.5,83,2008,Disney
Short,Turok,1,True,True,Action,True,7.0,67,2008,Unknown
Short,Crash: Mind over Mutant,1,True,True,Action,True,5.48,70,2008,Unknown
Short,Spider-Man: Web of Shadows,1,True,True,Action,True,11.0,68,2008,Activision
Short,Frontlines: Fuel of War,1,True,True,Action,True,5.25,75,2008,THQ
Average,GRID,1,True,True,Racing / Driving,True,22.0,87,2008,Unknown
Short,Too Human,1,True,True,Action,True,12.98,65,2008,Microsoft
Short,LEGO Indiana Jones: The Original Adventures,1,True,True,Action,True,10.0,76,2008,Unknown
Short,SEGA Bass Fishing,1,True,True,Sports,True,3.33,59,2008,Sega
Short,The Chronicles of Narnia: Prince Caspian,2,True,True,Action,True,14.0,63,2008,Disney
Short,Iron Man,1,True,True,Action,True,4.37,56,2008,Sega
Short,MLB 08: The Show,1,True,True,Sports,True,10.0,83,2008,Sony
Short,Iron Man,1,True,True,Action,True,4.37,42,2008,Sega
Short,Madagascar: Escape 2 Africa,1,True,True,Action,True,6.0,55,2008,Activision
Average,GRID,1,True,True,Racing / Driving,True,22.0,87,2008,Unknown
Short,NHL 09,1,True,True,Sports,True,20.0,88,2008,EA
Short,Banjo-Kazooie: Nuts & Bolts,1,True,True,Action,True,15.9,79,2008,Microsoft
Short,Patapon,1,True,True,Action,True,15.0,86,2008,Sony
Short,Iron Man,1,True,True,Action,True,4.37,44,2008,Sega
Short,Sega Superstars Tennis,1,True,True,Sports,True,8.0,65,2008,Sega
Short,Lost Planet: Extreme Condition,1,True,True,Action,True,8.48,67,2008,Capcom
Short,Mirror's Edge,1,True,True,Action,True,6.0,79,2008,EA
Short,Condemned 2: Bloodshot,1,True,True,Action,True,8.9,80,2008,Sega
Short,Sega Superstars Tennis,4,True,True,Sports,True,8.0,71,2008,Sega
Average,Viva Pi$?ata: Pocket Paradise,1,True,True,Simulation,True,21.0,82,2008,THQ
Short,Tom Clancy's EndWar,1,True,True,Strategy,True,8.87,76,2008,Ubisoft
Short,Iron Man,1,True,True,Action,True,4.37,45,2008,Sega
Short,Need for Speed: Undercover,4,True,True,Racing / Driving,True,11.0,54,2008,EA
Short,Wall-E,4,True,True,Action,True,6.72,50,2008,THQ
Average,Spectrobes: Beyond the Portals,1,True,True,Action,True,24.27,70,2008,Disney
Short,MX vs. ATV Untamed,1,True,True,Educational,True,12.0,59,2008,Ubisoft
Short,Mercenaries 2: World in Flames,1,True,True,Action,True,18.0,72,2008,EA
Average,Infinite Undiscovery,1,True,True,Action,True,22.3,68,2008,SquareEnix
Short,TNA iMPACT!,4,True,True,Sports,True,8.05,62,2008,Midway
Short,Enemy Territory: Quake Wars,1,True,True,Action,True,6.75,69,2008,Activision
Short,Fire Emblem: Shadow Dragon,1,True,True,Role-Playing (RPG),True,20.0,81,2008,Nintendo
Short,Neopets Puzzle Adventure,1,True,True,Adventure,True,3.0,70,2008,Capcom
Long,Tales of Vesperia,1,True,True,Adventure,True,49.0,79,2008,Namco
Short,Dragon Ball Z: Burst Limit,2,True,True,Action,True,5.58,72,2008,"Atari,Namco"
Short,Apollo Justice: Ace Attorney,1,True,True,Adventure,True,19.7,78,2008,Capcom
Short,Castlevania: Order of Ecclesia,1,True,True,Action,True,11.0,85,2008,Konami
Short,Mega Man Star Force 2: Zerker X Ninja,1,True,True,Action,True,19.25,55,2008,Capcom
Short,Enemy Territory: Quake Wars,1,True,True,Action,True,6.75,60,2008,Activision
Short,Turning Point: Fall of Liberty,1,True,True,Action,True,5.0,43,2008,Unknown
Short,Unreal Tournament III,2,True,True,Action,True,10.5,82,2008,Midway
Short,Dark Sector,1,True,True,Action,True,8.3,72,2008,Unknown
Long,The Last Remnant,1,True,True,Role-Playing (RPG),True,63.0,66,2008,SquareEnix
Short,Dragon Ball Z: Burst Limit,2,True,True,Action,True,5.58,71,2008,"Atari,Namco"
Short,Turning Point: Fall of Liberty,1,True,True,Action,True,5.0,42,2008,Unknown
Short,MX vs. ATV Untamed,1,True,True,Racing / Driving,True,12.0,70,2008,THQ
Short,Crash: Mind over Mutant,1,True,True,Action,True,5.48,60,2008,Unknown
Short,Silent Hill: Homecoming,1,True,True,Action,True,9.0,70,2008,Konami
Short,TNA iMPACT!,4,True,True,Sports,True,8.05,64,2008,Midway
Short,Kung Fu Panda,1,True,True,Action,True,5.0,76,2008,Activision
Short,Dark Sector,1,True,True,Action,True,8.3,72,2008,Unknown
Average,Tales of Symphonia: Dawn of the New World,4,True,True,Role-Playing (RPG),True,32.5,68,2008,Namco
Short,Valkyrie Profile: Covenant of the Plume,1,True,True,Role-Playing (RPG),True,15.9,74,2008,SquareEnix
Short,Spider-Man: Web of Shadows,1,True,True,Action,True,11.0,67,2008,Activision
Short,AC/DC Live: Rock Band - Track Pack,4,True,True,Action,True,3.93,63,2008,Unknown
Short,The Chronicles of Narnia: Prince Caspian,1,True,True,Role-Playing (RPG),True,14.0,54,2008,Disney
Short,AC/DC Live: Rock Band - Track Pack,1,True,True,Action,True,3.93,60,2008,Unknown
Average,Harvest Moon: Magical Melody,4,True,True,Role-Playing (RPG),True,30.0,69,2008,Unknown
Short,Dynasty Warriors 6,2,True,True,Action,True,15.75,59,2008,Unknown
Short,Order Up!,1,True,True,Action,True,6.0,76,2008,Unknown
Short,LocoRoco 2,1,True,True,Action,True,7.0,85,2008,Sony
Average,Star Ocean: First Departure,1,True,True,Action,True,20.5,74,2008,SquareEnix
Short,Lost: Via Domus,1,True,True,Action,True,5.37,54,2008,Ubisoft
Short,Tetris Party,4,True,True,Strategy,True,2.0,75,2008,Unknown
Short,Bully: Scholarship Edition,2,True,True,Action,True,13.2,83,2008,Rockstar
Short,The Spiderwick Chronicles,2,True,True,Action,True,4.0,62,2008,Unknown
Short,Dynasty Warriors 6,2,True,True,Action,True,15.75,60,2008,Unknown
Short,Ninja Gaiden: Dragon Sword,1,True,True,Action,True,5.33,83,2008,Unknown
Short,Condemned 2: Bloodshot,1,True,True,Action,True,8.9,82,2008,Sega
Short,Silent Hill: Homecoming,1,True,True,Action,True,9.0,71,2008,Konami
Short,Command & Conquer: Red Alert 3,1,True,True,Strategy,True,10.5,77,2008,EA
Short,Viking: Battle for Asgard,1,True,True,Action,True,12.0,68,2008,Sega
Short,Bomberman,1,True,True,Action,True,3.2,73,2008,Unknown
Short,Ferrari Challenge Trofeo Pirelli,1,True,True,Racing / Driving,True,16.0,71,2008,Unknown
Short,Command & Conquer 3: Kane's Wrath,1,True,True,Strategy,True,8.1,75,2008,EA
Short,Lost: Via Domus,1,True,True,Action,True,5.37,55,2008,Ubisoft
Average,Eternal Sonata,2,True,True,Role-Playing (RPG),True,30.0,80,2008,Namco
Long,Viva Pi$?ata: Trouble in Paradise,2,True,True,Racing / Driving,True,70.0,82,2008,Microsoft
Short,FlatOut: Head On,1,True,True,Racing / Driving,True,14.5,74,2008,Unknown
Short,Viking: Battle for Asgard,1,True,True,Action,True,12.0,65,2008,Sega
Short,Neopets Puzzle Adventure,1,True,True,Role-Playing (RPG),True,3.0,52,2008,Capcom
Short,TNA iMPACT!,1,True,True,Sports,True,8.05,43,2008,Midway
Short,Tomb Raider: Underworld,1,True,True,Action,True,10.0,70,2008,Eidos
Short,The Club,4,True,True,Action,True,4.5,76,2008,Sega
Short,The Chronicles of Narnia: Prince Caspian,2,True,True,Action,True,14.0,56,2008,Disney
Short,Dark Messiah of Might and Magic: Elements,1,True,True,Action,True,10.0,52,2008,Ubisoft
Short,Fracture,1,True,True,Action,True,7.0,63,2008,Unknown
Short,Mushroom Men: The Spore Wars,2,True,True,Action,True,3.0,72,2008,Unknown
Average,Dragon Quest V: Hand of the Heavenly Bride,1,True,True,Role-Playing (RPG),True,30.0,84,2008,SquareEnix
Short,Ninjatown,1,True,True,Strategy,True,14.0,80,2008,Unknown
Short,Super Dodgeball Brawlers,1,True,True,Action,True,0.68,65,2008,Unknown
Average,Dokapon Kingdom,1,True,True,Role-Playing (RPG),True,25.0,72,2008,Unknown
Short,Alone in the Dark,1,True,True,Action,True,6.0,58,2008,Atari
Short,Sega Superstars Tennis,4,True,True,Sports,True,8.0,67,2008,Sega
Short,Destroy All Humans! Big Willy Unleashed,2,True,True,Adventure,True,4.5,53,2008,THQ
Short,The Club,4,True,True,Action,True,4.5,72,2008,Sega
Short,Madagascar: Escape 2 Africa,4,True,True,Action,True,6.0,58,2008,Activision
Short,Madagascar: Escape 2 Africa,4,True,True,Action,True,6.0,62,2008,Activision
Average,Avalon Code,1,True,True,Action,True,21.97,71,2008,Unknown
Long,Disgaea DS,1,True,True,Role-Playing (RPG),True,42.72,82,2008,Unknown
Short,Syberia,1,True,True,Adventure,True,9.75,52,2008,Unknown
Average,Afrika,1,True,True,Adventure,True,24.0,63,2008,Sony
Short,ObsCure: The Aftermath,1,True,True,Action,True,7.77,53,2008,Unknown
Short,Pinball Hall of Fame: The Williams Collection,4,True,True,Simulation,True,20.0,78,2008,Unknown
Short,Wall-E,4,True,True,Action,True,6.72,51,2008,THQ
Short,Ninja Reflex,4,True,True,Action,True,4.0,49,2008,EA
Short,Conflict: Denied Ops,4,True,True,Action,True,5.58,52,2008,Eidos
Short,Blitz: The League II,2,True,True,Action,True,20.0,62,2008,Midway
Short,Castlevania Judgment,2,True,True,Action,True,6.0,49,2008,Konami
Short,Death Jr. II: Root of Evil,2,True,True,Action,True,6.02,71,2008,Eidos
Short,Raiden IV,2,True,True,Action,True,0.8300000000000001,63,2008,Unknown
Short,Metal Slug 7,1,True,True,Action,True,0.98,70,2008,Unknown
Short,Spider-Man: Web of Shadows,1,True,True,Action,True,11.0,77,2008,Activision
Short,Trauma Center: Under The Knife 2,1,True,True,Action,True,10.53,79,2008,Unknown
Short,Fracture,1,True,True,Action,True,7.0,62,2008,Unknown
Short,Alone in the Dark,1,True,True,Action,True,6.0,39,2008,Atari
Average,Final Fantasy Fables: Chocobo's Dungeon,1,True,True,Action,True,21.17,76,2008,SquareEnix
Short,Klonoa: Door to Phantomile,1,True,True,Action,True,4.0,77,2008,Namco
Short,Dragon Ball: Origins,1,True,True,Action,True,10.52,78,2008,Atari
Short,Ninja Reflex,1,True,True,Action,True,4.0,54,2008,EA
Short,Space Bust-A-Move,1,True,True,Strategy,True,1.0,71,2008,SquareEnix
Short,FIFA Street 3,4,True,True,Sports,True,5.0,63,2008,EA
Short,Blitz: The League II,2,True,True,Action,True,20.0,68,2008,Midway
Short,The Spiderwick Chronicles,2,True,True,Action,True,4.0,59,2008,Unknown
Long,Etrian Odyssey II: Heroes of Lagaard,1,True,True,Role-Playing (RPG),True,45.0,82,2008,Unknown
Short,Legendary,1,True,True,Action,True,5.0,47,2008,Atari
Short,Universe at War: Earth Assault,1,True,True,Action,True,16.0,66,2008,Sega
Short,Code Lyoko: Fall of X.A.N.A,1,True,True,Action,True,15.15,51,2008,Unknown
Average,Knights in the Nightmare,1,True,True,Role-Playing (RPG),True,28.55,76,2008,Unknown
Short,Lock's Quest,1,True,True,Action,True,15.0,80,2008,THQ
Short,N+,1,True,True,Action,True,16.5,82,2008,Atari
Short,The Spiderwick Chronicles,1,True,True,Role-Playing (RPG),True,4.0,60,2008,Unknown
Short,Summon Night: Twin Age,1,True,True,Role-Playing (RPG),True,15.0,73,2008,Unknown
Long,Wild Arms XF,1,True,True,Role-Playing (RPG),True,50.9,64,2008,Unknown
Short,FIFA Street 3,1,True,True,Sports,True,5.0,63,2008,EA
Short,Harvey Birdman: Attorney at Law,1,True,True,Adventure,True,3.75,60,2008,Capcom
Short,Conflict: Denied Ops,4,True,True,Action,True,5.58,51,2008,Eidos
Short,Overlord: Raising Hell,2,True,True,Action,True,8.5,72,2008,Unknown
Short,Battle Fantasia,2,True,True,Action,True,1.05,71,2008,Unknown
Short,Bangai-O Spirits,1,True,True,Action,True,8.0,83,2008,Unknown
Short,Dungeon Explorer: Warriors of Ancient Arts,1,True,True,Action,True,7.83,60,2008,Unknown
Short,From the Abyss,1,True,True,Action,True,5.13,60,2008,Unknown
Short,Soul Bubbles,1,True,True,Strategy,True,6.0,78,2008,Eidos
Short,Harvey Birdman: Attorney at Law,1,True,True,Adventure,True,3.75,62,2008,Capcom
Short,Secret Agent Clank,1,True,True,Action,True,7.5,72,2008,Sony
Short,Armored Core: For Answer,1,True,True,Action,True,9.93,62,2008,Ubisoft
Short,Legendary,1,True,True,Action,True,5.0,50,2008,Atari
Short,Agatha Christie: Evil Under the Sun,1,True,True,Adventure,True,9.25,46,2008,Unknown
Short,Agatha Christie: And Then There Were None,1,True,True,Adventure,True,7.5,50,2008,Unknown
Short,Armored Core: For Answer,1,True,True,Action,True,9.93,64,2008,Ubisoft
Average,The Dark Spire,1,True,True,Adventure,True,27.92,69,2008,Unknown
Short,"Flower, Sun and Rain",1,True,True,Adventure,True,8.0,54,2008,Unknown
Short,Insecticide,1,True,True,Action,True,3.7,55,2008,Unknown
Short,Izuna 2: The Unemployed Ninja Returns,1,True,True,Role-Playing (RPG),True,13.25,65,2008,Unknown
Short,Looney Tunes: Cartoon Conductor,1,True,True,Action,True,4.0,67,2008,Eidos
Short,Nanostray 2,1,True,True,Action,True,3.0,75,2008,Unknown
Short,Vampire Rain,1,True,True,Action,True,10.5,30,2008,Unknown
Short,Baroque,1,True,True,Action,True,7.78,50,2008,Unknown
Short,Supreme Commander,1,True,True,Strategy,True,19.0,56,2008,Unknown
Short,Assassin's Creed: Altar's Chronicles,1,True,True,Action,True,5.0,58,2008,Ubisoft
Short,The Legend of Kage 2,1,True,True,Action,True,3.33,70,2008,SquareEnix
Short,Rhapsody: A Musical Adventure,1,True,True,Role-Playing (RPG),True,9.13,67,2008,Unknown
Short,Secret Files: Tunguska,1,True,True,Adventure,True,8.72,71,2008,Unknown
Short,Secret Files: Tunguska,2,True,True,Adventure,True,8.72,64,2008,Unknown
